name,n_bands_available,f115w_available,f115w_sum,f115w_max,f115w_mean,f115w_std,f150w_available,f150w_sum,f150w_max,f150w_mean,f150w_std,f277w_available,f277w_sum,f277w_max,f277w_mean,f277w_std,f444w_available,f444w_sum,f444w_max,f444w_mean,f444w_std,notes
COSJ095846+020304,4,Yes,1130.8,8.3766,0.012564,0.125856,Yes,1830.32,16.0043,0.020337,0.192757,Yes,3388.28,16.3265,0.037648,0.321264,Yes,2949.88,9.9313,0.032776,0.252609,
COSJ095847+015837,4,Yes,117.94,1.0092,0.00131,0.029072,Yes,179.92,1.1186,0.001999,0.028961,Yes,244.53,1.1729,0.002717,0.029105,Yes,269.01,1.0635,0.002989,0.030362,
COSJ095852+020258,4,Yes,325.14,0.7739,0.003613,0.04288,Yes,275.09,0.9662,0.003057,0.038412,Yes,391.89,0.7545,0.004354,0.031026,Yes,376.5,0.632,0.004183,0.028309,
COSJ095853+020707,4,Yes,411.37,1.6138,0.004571,0.047618,Yes,621.37,3.675,0.006904,0.073924,Yes,1592.71,11.2622,0.017697,0.220204,Yes,1567.91,11.4691,0.017421,0.230752,
COSJ095855+015828,4,Yes,2859.37,15.5835,0.031771,0.221499,Yes,4089.88,22.6665,0.045443,0.317162,Yes,7462.36,25.3855,0.082915,0.506627,Yes,4305.75,11.7284,0.047842,0.276404,
COSJ095856+015821,4,Yes,134.83,0.7761,0.001498,0.028303,Yes,289.99,1.1457,0.003222,0.028433,Yes,405.19,1.3233,0.004502,0.030639,Yes,404.33,1.623,0.004493,0.036272,
COSJ095857+020404,4,Yes,396.94,1.5934,0.00441,0.039563,Yes,645.23,2.0904,0.007169,0.046965,Yes,1117.76,2.1714,0.01242,0.067404,Yes,1426.83,2.3862,0.015854,0.086663,
COSJ095857+021007,4,Yes,361.92,1.0527,0.004021,0.036189,Yes,474.15,1.2054,0.005268,0.037166,Yes,457.63,1.1116,0.005085,0.034537,Yes,210.18,0.5215,0.002335,0.018864,
COSJ095858+020529,4,Yes,1421.23,6.7819,0.015791,0.110744,Yes,2209.0,13.5377,0.024544,0.19612,Yes,3549.52,19.4295,0.039439,0.346753,Yes,2069.09,11.423,0.02299,0.213906,
COSJ095903+021139,4,Yes,687.52,1.5652,0.007639,0.062449,Yes,1103.2,2.3963,0.012258,0.074887,Yes,1791.28,2.962,0.019903,0.106899,Yes,1413.5,1.3838,0.015706,0.081137,
COSJ095905+021026,4,Yes,223.2,0.5399,0.00248,0.033726,Yes,280.56,0.6825,0.003117,0.031999,Yes,390.59,1.7911,0.00434,0.037587,Yes,437.75,1.9346,0.004864,0.044055,
COSJ095908+020157,4,Yes,985.85,8.8361,0.010954,0.105662,Yes,1540.87,12.8875,0.017121,0.159484,Yes,2880.97,16.6572,0.032011,0.277769,Yes,2332.42,10.5658,0.025916,0.217137,
COSJ095908+021435,4,Yes,124.72,0.4603,0.001386,0.031259,Yes,153.86,0.5286,0.00171,0.029771,Yes,218.89,0.3905,0.002432,0.020618,Yes,112.85,0.2119,0.001254,0.013221,
COSJ095908+021559,4,Yes,1462.64,19.6336,0.016252,0.230126,Yes,2329.0,27.7937,0.025878,0.32464,Yes,3747.5,30.8942,0.041639,0.502212,Yes,2202.48,12.5316,0.024472,0.259231,
COSJ095910+020058,4,Yes,329.76,3.3101,0.003664,0.049626,Yes,508.19,5.5673,0.005647,0.062689,Yes,913.99,5.9459,0.010155,0.095546,Yes,1001.21,4.4667,0.011125,0.102111,
COSJ095910+020937,4,Yes,464.44,2.5255,0.00516,0.065711,Yes,543.86,3.0503,0.006043,0.069019,Yes,747.8,3.6882,0.008309,0.082492,Yes,560.44,1.6506,0.006227,0.053373,
COSJ095910+021709,4,Yes,4697.14,40.9435,0.05219,0.459068,Yes,6559.31,57.1744,0.072881,0.637667,Yes,9132.0,37.1327,0.101467,0.738418,Yes,5476.1,24.912,0.060846,0.49725,
COSJ095912+020033,4,Yes,123.91,0.4628,0.001377,0.034042,Yes,122.32,0.3965,0.001359,0.028282,Yes,167.07,0.4793,0.001856,0.01819,Yes,165.45,0.4624,0.001838,0.020026,
COSJ095912+020656,4,Yes,2094.02,6.3165,0.023267,0.132603,Yes,2447.9,9.3849,0.027199,0.184663,Yes,3066.84,11.138,0.034076,0.24814,Yes,2249.34,5.5977,0.024993,0.168845,
COSJ095912+020750,4,Yes,3349.67,16.5881,0.037219,0.262705,Yes,5062.2,28.1996,0.056247,0.413702,Yes,7358.18,34.6977,0.081758,0.624108,Yes,4899.68,15.0698,0.054441,0.37207,
COSJ095912+020751,4,Yes,3264.61,16.5881,0.036273,0.263102,Yes,4779.82,28.1996,0.053109,0.414084,Yes,7096.85,34.6977,0.078854,0.624333,Yes,4745.22,15.0698,0.052725,0.372089,
COSJ095913+015448,4,Yes,622.77,1.3604,0.007134,0.046835,Yes,661.54,1.491,0.007578,0.046044,Yes,828.77,1.3419,0.009493,0.043922,Yes,685.85,1.0296,0.007856,0.038525,
COSJ095913+021702,4,Yes,39.09,2.7049,0.000434,0.041486,Yes,126.71,2.5015,0.001408,0.037908,Yes,218.89,1.2377,0.002432,0.027638,Yes,233.3,1.2275,0.002592,0.030664,
COSJ095914+015947,4,Yes,821.8,3.6027,0.009131,0.073834,Yes,1214.89,6.0066,0.013499,0.111856,Yes,1972.23,7.8105,0.021914,0.185403,Yes,1424.93,3.8857,0.015833,0.118203,
COSJ095914+021219,4,Yes,1820.17,3.4646,0.020224,0.125056,Yes,2428.41,7.7514,0.026982,0.1675,Yes,4259.9,13.3662,0.047332,0.273243,Yes,3923.06,12.4357,0.04359,0.281384,
COSJ095914+021358,4,Yes,312.94,3.7875,0.003477,0.047936,Yes,530.91,5.9277,0.005899,0.068656,Yes,1084.33,7.0168,0.012048,0.121444,Yes,1038.22,5.2788,0.011536,0.11263,
COSJ095916+021850,4,Yes,116.03,0.7985,0.001289,0.040439,Yes,132.09,0.8937,0.001468,0.03463,Yes,156.08,0.6489,0.001734,0.021633,Yes,160.8,4.8206,0.001787,0.033843,
COSJ095916+022021,4,Yes,4410.57,12.6529,0.049006,0.191986,Yes,7250.77,11.4439,0.080564,0.324435,Yes,12399.31,20.7184,0.13777,0.627961,Yes,6942.48,11.2767,0.077139,0.364224,
COSJ095917+015424,4,Yes,1533.8,6.5664,0.017042,0.111086,Yes,2045.88,9.89,0.022732,0.160623,Yes,3592.43,11.2878,0.039916,0.271343,Yes,4164.6,11.4653,0.046273,0.30582,
COSJ095917+020626,4,Yes,195.96,7.6972,0.002177,0.062415,Yes,115.85,9.904,0.001287,0.072203,Yes,199.85,1.9269,0.002221,0.035773,Yes,195.48,1.3064,0.002172,0.033625,
COSJ095917+021629,4,Yes,134.24,0.4321,0.001492,0.032188,Yes,225.62,0.6453,0.002507,0.029072,Yes,458.98,0.7554,0.0051,0.024507,Yes,382.7,0.6025,0.004252,0.023734,
COSJ095917+021725,4,Yes,215.23,2.7754,0.002391,0.038023,Yes,288.99,3.7542,0.003211,0.046498,Yes,475.22,3.941,0.00528,0.066988,Yes,377.94,2.4995,0.004199,0.051192,
COSJ095918+021939,4,Yes,101.66,0.8066,0.00113,0.029146,Yes,205.6,1.5272,0.002284,0.030011,Yes,662.76,2.2433,0.007364,0.050401,Yes,995.15,3.1062,0.011057,0.07543,
COSJ095920+015851,4,Yes,1283.95,6.1166,0.014266,0.092266,Yes,1994.5,9.5891,0.022161,0.145116,Yes,4478.44,15.3098,0.04976,0.320075,Yes,4136.69,12.1568,0.045963,0.29766,
COSJ095920+020558,4,Yes,189.48,0.803,0.002516,0.037839,Yes,314.58,1.525,0.004178,0.047171,Yes,972.67,4.3893,0.012917,0.130465,Yes,1093.09,4.9968,0.014516,0.152385,
COSJ095920+022515,4,Yes,661.63,0.7343,0.007351,0.051242,Yes,1193.38,1.677,0.01326,0.070525,Yes,3507.96,4.9297,0.038977,0.195346,Yes,2761.22,3.8356,0.03068,0.163204,
COSJ095921+020218,4,Yes,631.88,5.6049,0.007021,0.070344,Yes,1074.99,8.9009,0.011944,0.105373,Yes,1894.07,10.9955,0.021045,0.189059,Yes,2152.52,9.195,0.023917,0.196608,
COSJ095921+020638,4,Yes,2821.26,26.4419,0.031347,0.303595,Yes,4186.78,49.8433,0.04652,0.483213,Yes,6514.12,40.5809,0.072379,0.639252,Yes,3708.48,13.8722,0.041205,0.306775,
COSJ095922+021812,4,Yes,3480.16,41.7345,0.038668,0.460853,Yes,5343.62,59.884,0.059374,0.653959,Yes,8728.12,47.6371,0.096979,0.791205,Yes,4437.23,17.7566,0.049303,0.369363,
COSJ095923+021632,4,Yes,418.51,13.4705,0.00465,0.099765,Yes,416.81,12.0365,0.004631,0.099283,Yes,469.89,1.8854,0.005221,0.037926,Yes,318.69,0.634,0.003541,0.024166,
COSJ095923+021836,4,Yes,1955.81,13.9915,0.021731,0.182891,Yes,2828.06,20.8045,0.031423,0.271629,Yes,5020.9,24.4264,0.055788,0.43916,Yes,3131.12,10.7566,0.03479,0.241393,
COSJ095924+020459,4,Yes,799.1,7.7912,0.008879,0.099486,Yes,1379.33,12.4686,0.015326,0.159351,Yes,2879.42,16.8689,0.031994,0.298637,Yes,3552.43,16.1882,0.039471,0.348415,
COSJ095924+020807,4,Yes,1087.32,9.7808,0.012081,0.097093,Yes,1934.55,13.1388,0.021495,0.146867,Yes,3872.85,11.3951,0.043032,0.249146,Yes,4746.42,15.5904,0.052738,0.326378,
COSJ095924+021345,4,Yes,144.24,0.5812,0.001603,0.026708,Yes,231.48,0.7774,0.002572,0.025609,Yes,241.14,0.7584,0.002679,0.023451,Yes,207.55,0.4808,0.002306,0.020475,
COSJ095924+022130,4,Yes,5091.58,90.1153,0.056573,0.839559,Yes,6674.47,109.0802,0.074161,1.06244,Yes,9703.75,69.6071,0.107819,1.117648,Yes,5173.75,29.8714,0.057486,0.543972,
COSJ095926+020304,4,Yes,424.59,6.2513,0.004718,0.064014,Yes,752.78,9.4824,0.008364,0.093307,Yes,1270.05,10.647,0.014112,0.163098,Yes,1412.61,9.4961,0.015696,0.169308,
COSJ095926+021023,4,Yes,1862.03,12.0963,0.020689,0.17212,Yes,2768.96,18.1767,0.030766,0.274362,Yes,6581.65,32.7733,0.073129,0.702297,Yes,5660.79,26.0102,0.062898,0.629786,
COSJ095926+022040,4,Yes,332.55,1.1961,0.003695,0.036939,Yes,480.17,1.7589,0.005335,0.042194,Yes,1112.05,3.0114,0.012356,0.077418,Yes,1528.12,3.4806,0.016979,0.106036,
COSJ095926+022727,4,Yes,373.0,1.5406,0.004144,0.047483,Yes,560.73,1.756,0.00623,0.052608,Yes,809.76,1.5084,0.008997,0.063811,Yes,560.8,0.9728,0.006231,0.043252,
COSJ095927+020315,4,Yes,4036.72,14.7013,0.044852,0.170352,Yes,5302.23,19.3627,0.058914,0.227848,Yes,6106.55,16.795,0.067851,0.278917,Yes,4219.03,6.5498,0.046878,0.169409,
COSJ095927+021005,4,Yes,333.45,3.2623,0.003705,0.053389,Yes,327.87,3.493,0.003643,0.055886,Yes,457.41,3.4298,0.005082,0.06502,Yes,254.91,1.9767,0.002832,0.039631,
COSJ095927+022821,4,Yes,92.1,3.8181,0.001023,0.036123,Yes,214.83,1.4269,0.002387,0.03191,Yes,396.69,1.7298,0.004408,0.039073,Yes,433.36,1.7267,0.004815,0.044936,
COSJ095928+022948,4,Yes,2121.49,20.3386,0.023572,0.214745,Yes,2888.22,29.787,0.032091,0.341074,Yes,5689.3,37.6943,0.063214,0.599377,Yes,3870.24,19.2508,0.043003,0.369639,
COSJ095929+015348,4,Yes,2250.39,1.7404,0.025004,0.105754,Yes,2581.38,40.8622,0.028682,0.192286,Yes,1791.3,1.0362,0.019903,0.072911,Yes,947.14,0.557,0.010524,0.042389,
COSJ095929+020320,4,Yes,304.6,1.9269,0.003384,0.040752,Yes,458.6,1.5795,0.005096,0.04377,Yes,777.39,1.765,0.008638,0.058009,Yes,444.57,1.0337,0.00494,0.038775,
COSJ095929+020338,4,Yes,1269.02,13.3934,0.0141,0.160995,Yes,1988.66,19.7312,0.022096,0.252575,Yes,4520.53,25.8924,0.050228,0.459968,Yes,4619.08,20.6542,0.051323,0.434193,
COSJ095929+020914,4,Yes,427.46,1.1696,0.00475,0.050562,Yes,564.87,1.444,0.006276,0.051753,Yes,858.28,1.8585,0.009536,0.066155,Yes,725.59,1.3157,0.008062,0.054335,
COSJ095930+021351,4,Yes,13989.86,58.6876,0.155443,0.797413,Yes,19661.26,82.3467,0.218458,1.130435,Yes,23920.82,53.4881,0.265787,1.148827,Yes,12526.13,22.6592,0.139179,0.558155,
COSJ095930+022026,4,Yes,422.98,2.2896,0.0047,0.049491,Yes,390.59,2.1826,0.00434,0.047052,Yes,656.76,1.8191,0.007297,0.047881,Yes,442.77,0.9223,0.00492,0.032368,
COSJ095931+020601,4,Yes,425.06,1.6353,0.004723,0.042278,Yes,615.25,3.2783,0.006836,0.048214,Yes,1302.47,5.5259,0.014472,0.097657,Yes,1435.42,6.7105,0.015949,0.143573,
COSJ095931+022946,4,Yes,6057.99,559.1191,0.067311,3.591073,Yes,6993.78,541.6732,0.077709,3.743283,Yes,4158.99,99.6425,0.046211,1.102648,Yes,3002.2,36.0082,0.033358,0.534099,
COSJ095932+021750,4,Yes,721.02,12.7713,0.008011,0.143805,Yes,1112.49,20.2419,0.012361,0.214669,Yes,1940.22,22.1222,0.021558,0.353505,Yes,1426.51,12.6554,0.01585,0.238469,
COSJ095933+022242,4,Yes,233.95,4.6488,0.002599,0.052216,Yes,362.23,5.5587,0.004025,0.065108,Yes,629.75,5.1856,0.006997,0.083474,Yes,391.24,2.0742,0.004347,0.045678,
COSJ095934+020759,4,Yes,84.88,1.2949,0.000943,0.036465,Yes,320.35,1.7383,0.003559,0.036224,Yes,328.3,2.04,0.003648,0.047079,Yes,271.12,1.3694,0.003012,0.037209,
COSJ095936+015703,4,Yes,447.73,2.0651,0.004975,0.039392,Yes,748.41,4.9873,0.008316,0.069107,Yes,1858.16,7.5106,0.020646,0.15464,Yes,2222.96,8.2372,0.0247,0.186583,
COSJ095936+021947,4,Yes,212.45,8.5336,0.002361,0.059997,Yes,346.65,7.6562,0.003852,0.057198,Yes,379.92,1.1886,0.004221,0.028658,Yes,358.83,0.6758,0.003987,0.026929,
COSJ095937+020742,4,Yes,121.17,2.5203,0.001346,0.03992,Yes,285.08,3.9024,0.003168,0.045993,Yes,397.92,2.8111,0.004421,0.045944,Yes,444.9,2.2554,0.004943,0.048623,
COSJ095937+021802,4,Yes,271.15,0.468,0.003013,0.035557,Yes,250.43,0.4856,0.002783,0.032315,Yes,493.95,0.8947,0.005488,0.038127,Yes,651.81,1.5561,0.007242,0.056351,
COSJ095937+022744,4,Yes,238.71,1.4103,0.002652,0.038333,Yes,372.43,1.5531,0.004138,0.039075,Yes,421.12,1.2913,0.004679,0.034843,Yes,228.47,0.5137,0.002539,0.019486,
COSJ095937+023754,4,Yes,192.2,1.0846,0.002136,0.036497,Yes,178.49,1.1105,0.001983,0.031501,Yes,393.84,0.9021,0.004376,0.026922,Yes,410.66,0.8124,0.004563,0.027756,
COSJ095938+021318,4,Yes,275.19,1.5848,0.003058,0.038532,Yes,583.52,2.4248,0.006484,0.046105,Yes,717.83,3.0672,0.007976,0.067187,Yes,707.23,2.308,0.007858,0.065175,
COSJ095938+022213,4,Yes,1103.87,5.2035,0.012265,0.078799,Yes,1673.27,8.996,0.018592,0.124509,Yes,4255.32,15.5005,0.047281,0.301048,Yes,3533.61,9.9112,0.039262,0.247909,
COSJ095938+022520,4,Yes,118.56,0.4314,0.001317,0.033387,Yes,98.47,0.4839,0.001094,0.027546,Yes,127.55,0.3041,0.001417,0.01374,Yes,36.75,0.1367,0.000408,0.009572,
COSJ095939+020309,4,Yes,247.68,1.1802,0.002752,0.03661,Yes,162.96,1.2334,0.001811,0.035522,Yes,206.23,0.957,0.002291,0.026558,Yes,100.06,0.4096,0.001112,0.015558,
COSJ095939+023043,4,Yes,3968.15,13.9821,0.044091,0.26267,Yes,5916.86,20.724,0.065743,0.388445,Yes,11051.13,25.4535,0.12279,0.618682,Yes,6262.99,11.5796,0.069589,0.335211,
COSJ095939+023239,4,Yes,952.19,6.633,0.01058,0.103912,Yes,1468.87,11.5237,0.016321,0.158636,Yes,2864.95,17.838,0.031833,0.27789,Yes,1860.28,10.4673,0.02067,0.160299,
COSJ095939+023707,4,Yes,-9.07,0.4075,-0.000101,0.025918,Yes,37.82,0.4669,0.00042,0.021743,Yes,33.25,0.474,0.000369,0.01407,Yes,19.53,0.324,0.000217,0.012132,
COSJ095940+023253,4,Yes,5501.94,42.6862,0.061133,0.567632,Yes,7812.95,59.8358,0.086811,0.806664,Yes,10715.24,50.4398,0.119058,0.965168,Yes,5645.2,18.7609,0.062724,0.456275,
COSJ095940+023802,4,Yes,463.96,4.3817,0.005155,0.059102,Yes,495.44,4.9001,0.005505,0.066851,Yes,1065.86,5.1185,0.011843,0.102076,Yes,827.07,3.4767,0.00919,0.082346,
COSJ095941+020259,4,Yes,769.54,2.3449,0.00855,0.055376,Yes,1138.76,3.1019,0.012653,0.073173,Yes,1717.9,3.3422,0.019088,0.111091,Yes,1619.52,2.5969,0.017995,0.106183,
COSJ095941+020532,4,Yes,146.75,0.4183,0.001631,0.03527,Yes,125.33,0.4678,0.001393,0.03037,Yes,172.2,0.5136,0.001913,0.02076,Yes,62.12,0.2688,0.00069,0.013511,
COSJ095941+021432,4,Yes,138.18,0.6255,0.001535,0.026735,Yes,250.63,0.9343,0.002785,0.02809,Yes,361.67,1.1826,0.004019,0.034784,Yes,324.55,10.0686,0.003606,0.047735,
COSJ095941+021442,4,Yes,534.3,2.1566,0.005937,0.047069,Yes,848.16,2.2167,0.009424,0.057496,Yes,1508.15,2.7302,0.016757,0.090656,Yes,2065.19,4.3646,0.022947,0.138246,
COSJ095941+022634,4,Yes,128.8,1.9421,0.001431,0.038667,Yes,244.87,3.3272,0.002721,0.044564,Yes,449.2,4.2164,0.004991,0.062444,Yes,564.17,4.3263,0.006269,0.075479,
COSJ095941+023210,4,Yes,120.63,1.0455,0.00134,0.03785,Yes,145.61,1.2148,0.001618,0.037412,Yes,430.1,1.1718,0.004779,0.043572,Yes,398.89,1.0508,0.004432,0.041729,
COSJ095941+023306,4,Yes,1533.32,116.5521,0.017037,0.733065,Yes,1784.88,122.4062,0.019832,0.780832,Yes,1380.5,22.7694,0.015339,0.248215,Yes,1049.02,5.993,0.011656,0.107224,
COSJ095942+015628,4,Yes,140.85,1.7468,0.001565,0.032302,Yes,188.08,1.9491,0.00209,0.034005,Yes,329.69,2.0854,0.003663,0.044316,Yes,468.51,2.7336,0.005206,0.059985,
COSJ095942+022136,4,Yes,1014.57,8.3101,0.011273,0.107262,Yes,1715.34,12.3703,0.019059,0.16918,Yes,3417.8,15.2317,0.037976,0.291231,Yes,4122.46,13.5557,0.045805,0.322411,
COSJ095942+023350,4,Yes,751.62,5.8462,0.008351,0.096217,Yes,885.7,7.2566,0.009841,0.114652,Yes,919.65,5.5412,0.010218,0.110683,Yes,600.58,2.9631,0.006673,0.070573,
COSJ095942+023423,4,Yes,164.23,2.5857,0.001825,0.044947,Yes,341.06,5.2656,0.00379,0.061039,Yes,857.79,8.6094,0.009531,0.123554,Yes,1156.67,9.4749,0.012852,0.163799,
COSJ095943+022046,4,Yes,2923.75,25.2547,0.032486,0.280801,Yes,4120.61,35.433,0.045785,0.407888,Yes,7005.02,35.0966,0.077834,0.608322,Yes,3746.27,14.7226,0.041625,0.298554,
COSJ095943+022719,4,Yes,727.16,3.4926,0.00808,0.074118,Yes,1049.78,7.4375,0.011664,0.123452,Yes,1673.06,13.274,0.01859,0.243093,Yes,990.04,6.7966,0.011,0.142684,
COSJ095943+022829,4,Yes,364.93,2.2567,0.004055,0.046709,Yes,522.33,4.1149,0.005804,0.054233,Yes,948.95,2.1897,0.010544,0.068798,Yes,1014.32,2.3526,0.01127,0.066964,
COSJ095943+023800,4,Yes,1520.89,22.6546,0.016899,0.20441,Yes,2293.24,21.7916,0.02548,0.272178,Yes,4244.02,25.9063,0.047156,0.425655,Yes,3557.94,13.3601,0.039533,0.318451,
COSJ095944+020652,4,Yes,984.58,2.0019,0.01094,0.071203,Yes,1634.63,4.6769,0.018163,0.120442,Yes,4024.3,10.7735,0.044714,0.330571,Yes,2752.57,6.0144,0.030584,0.220323,
COSJ095944+021432,4,Yes,538.95,5.1811,0.005988,0.073042,Yes,815.58,8.6032,0.009062,0.109024,Yes,1684.53,11.9454,0.018717,0.2176,Yes,1216.56,7.5026,0.013517,0.152522,
COSJ095944+022008,4,Yes,2237.73,642.2925,0.024864,2.495522,Yes,1163.8,1.6086,0.012931,0.061516,Yes,1554.23,1.7684,0.017269,0.06644,Yes,1015.14,0.8446,0.011279,0.043777,
COSJ095945+021006,4,Yes,626.94,1.6297,0.006966,0.05616,Yes,933.77,2.8508,0.010375,0.07071,Yes,1604.41,3.9048,0.017827,0.115416,Yes,1006.73,2.0988,0.011186,0.072215,
COSJ095945+022340,4,Yes,1933.44,19.5255,0.021483,0.207644,Yes,3058.07,29.5128,0.033979,0.3212,Yes,6326.89,30.2711,0.070299,0.51922,Yes,5027.34,19.248,0.055859,0.386132,
COSJ095945+023214,4,Yes,96.62,1.1774,0.001074,0.036211,Yes,253.41,1.5181,0.002816,0.033894,Yes,202.97,1.5638,0.002255,0.031719,Yes,168.39,0.7168,0.001871,0.021902,
COSJ095945+023622,4,Yes,11066.45,30.7871,0.122961,0.616345,Yes,15736.01,45.8095,0.174845,0.886518,Yes,19092.34,38.7836,0.212137,0.922536,Yes,9716.29,16.0863,0.107959,0.448438,
COSJ095946+015320,4,Yes,684.33,1.0989,0.007604,0.041174,Yes,1119.17,2.0435,0.012435,0.065577,Yes,2761.04,7.5931,0.030678,0.220361,Yes,3932.55,16.244,0.043695,0.397153,
COSJ095946+015749,4,Yes,202.8,5.3254,0.002253,0.057581,Yes,428.97,9.8462,0.004766,0.101904,Yes,750.99,9.8045,0.008344,0.137536,Yes,1018.77,8.6579,0.01132,0.158339,
COSJ095946+021328,4,Yes,98.21,1.0373,0.001091,0.038157,Yes,117.58,1.2525,0.001306,0.033917,Yes,159.38,1.3176,0.001771,0.028383,Yes,166.94,1.0129,0.001855,0.026963,
COSJ095946+022212,4,Yes,569.92,6.8508,0.006332,0.085546,Yes,908.17,9.7972,0.010091,0.120636,Yes,2038.39,12.6826,0.022649,0.224504,Yes,2165.83,9.5269,0.024065,0.220938,
COSJ095947+015615,4,Yes,442.64,1.6249,0.004918,0.039695,Yes,703.94,3.2185,0.007822,0.060404,Yes,1758.27,8.3514,0.019536,0.164562,Yes,1806.1,8.3332,0.020068,0.18088,
COSJ095947+022657,4,Yes,667.34,6.5634,0.007415,0.080986,Yes,882.66,8.6765,0.009807,0.108396,Yes,1507.13,11.2103,0.016746,0.18945,Yes,981.78,5.6818,0.010909,0.116877,
COSJ095948+015722,4,Yes,728.17,6.0448,0.008091,0.081444,Yes,787.74,7.7025,0.008753,0.100276,Yes,1404.12,5.4822,0.015601,0.105581,Yes,1579.12,2.6176,0.017546,0.093817,
COSJ095948+022017,4,Yes,211.03,1.6832,0.002345,0.034858,Yes,415.1,3.0204,0.004612,0.042826,Yes,730.13,4.1727,0.008113,0.078299,Yes,821.51,3.6595,0.009128,0.084512,
COSJ095948+022859,4,Yes,2599.57,14.1847,0.028884,0.212927,Yes,4016.19,19.0132,0.044624,0.312883,Yes,7649.16,25.3058,0.084991,0.577003,Yes,4765.98,12.6897,0.052955,0.326286,
COSJ095949+020321,4,Yes,383.39,0.7758,0.00426,0.04364,Yes,402.45,0.8601,0.004472,0.039726,Yes,653.78,0.794,0.007264,0.035691,Yes,463.69,0.7586,0.005152,0.031387,
COSJ095949+023301,4,Yes,320.3,1.3717,0.003559,0.036666,Yes,422.49,1.6542,0.004694,0.040858,Yes,570.06,1.7853,0.006334,0.051864,Yes,580.11,1.5531,0.006446,0.052238,
COSJ095950+020013,4,Yes,6892.85,108.2432,0.076587,0.959166,Yes,9417.87,137.1975,0.104643,1.288329,Yes,11369.1,75.9013,0.126323,1.197705,Yes,5878.63,28.9262,0.065318,0.567146,
COSJ095950+021636,4,Yes,1531.31,12.68,0.017015,0.15449,Yes,2125.07,19.2565,0.023612,0.228319,Yes,3968.16,19.8083,0.044091,0.385232,Yes,3193.08,13.6164,0.035479,0.28419,
COSJ095950+021936,4,Yes,1354.51,88.7202,0.01505,0.557867,Yes,2472.17,325.7444,0.027469,1.48975,Yes,1994.53,94.8497,0.022161,0.595076,Yes,1523.07,27.4512,0.016923,0.279434,
COSJ095950+022057,4,Yes,1427.65,14.0608,0.015863,0.176229,Yes,2254.13,24.568,0.025046,0.27511,Yes,4412.16,23.7094,0.049024,0.452711,Yes,3456.25,16.2363,0.038403,0.333351,
COSJ095950+023226,4,Yes,385.3,6.482,0.004281,0.060069,Yes,599.57,11.3333,0.006662,0.101156,Yes,987.29,11.3277,0.01097,0.1563,Yes,1160.94,10.1985,0.012899,0.17992,
COSJ095950+023727,4,Yes,108.35,1.0289,0.001204,0.040586,Yes,242.56,0.9543,0.002695,0.035897,Yes,413.93,0.9836,0.004599,0.034385,Yes,513.66,1.9773,0.005707,0.049313,
COSJ095951+020423,4,Yes,899.36,4.1679,0.009993,0.0687,Yes,1111.97,6.0672,0.012355,0.087735,Yes,1741.08,6.1412,0.019345,0.128416,Yes,1243.39,2.7191,0.013815,0.086472,
COSJ095951+021800,4,Yes,371.07,1.3672,0.004123,0.04681,Yes,400.89,1.5155,0.004454,0.049107,Yes,522.54,1.1901,0.005806,0.042827,Yes,295.19,0.5909,0.00328,0.024399,
COSJ095951+022522,4,Yes,844.38,11.8957,0.009382,0.123831,Yes,1332.08,19.8681,0.014801,0.195078,Yes,2709.31,26.6334,0.030103,0.389643,Yes,2013.68,15.647,0.022374,0.281805,
COSJ095951+022847,4,Yes,60.57,0.7549,0.000673,0.036914,Yes,78.22,0.775,0.000869,0.031246,Yes,107.25,1.3352,0.001192,0.02301,Yes,66.23,0.7899,0.000736,0.017378,
COSJ095951+023722,4,Yes,895.54,6.1827,0.00995,0.095135,Yes,1209.98,9.6256,0.013444,0.128534,Yes,1764.61,11.0914,0.019607,0.201854,Yes,1164.2,5.7993,0.012936,0.119371,
COSJ095951+023830,4,Yes,191.97,4.0166,0.002133,0.050664,Yes,240.7,3.9035,0.002674,0.050706,Yes,325.99,4.2149,0.003622,0.065444,Yes,368.09,4.0775,0.00409,0.073916,
COSJ095952+020313,4,Yes,268.96,6.0012,0.002988,0.064829,Yes,582.4,8.8548,0.006471,0.089128,Yes,1090.27,8.7659,0.012114,0.132089,Yes,767.22,4.7766,0.008525,0.084802,
COSJ095952+020314,4,Yes,291.39,6.0012,0.003238,0.064749,Yes,633.08,8.8548,0.007034,0.089254,Yes,1183.31,8.7659,0.013148,0.132517,Yes,832.16,4.7766,0.009246,0.085225,
COSJ095952+021514,4,Yes,183.71,0.9062,0.002041,0.037651,Yes,258.6,0.8637,0.002873,0.033063,Yes,375.84,0.8103,0.004176,0.02977,Yes,253.61,0.4472,0.002818,0.022077,
COSJ095952+022216,4,Yes,193.2,1.0939,0.002147,0.039692,Yes,190.28,1.506,0.002114,0.035695,Yes,331.19,0.7016,0.00368,0.027159,Yes,282.27,0.5391,0.003136,0.025135,
COSJ095953+015437,4,Yes,390.78,4.7012,0.004342,0.072491,Yes,714.12,8.636,0.007935,0.108569,Yes,1538.26,10.8281,0.017092,0.188839,Yes,1915.88,11.6338,0.021288,0.227979,
COSJ095953+022000,4,Yes,49.51,0.7332,0.00055,0.030744,Yes,220.48,1.2729,0.00245,0.0319,Yes,348.64,2.0253,0.003874,0.041517,Yes,251.36,1.354,0.002793,0.032114,
COSJ095953+022016,4,Yes,1612.99,14.4077,0.017922,0.183749,Yes,2547.12,22.0373,0.028301,0.284672,Yes,5238.13,28.9236,0.058201,0.488038,Yes,4161.89,16.4692,0.046243,0.351234,
COSJ095953+022126,4,Yes,208.77,4.5274,0.00232,0.057038,Yes,487.81,7.8568,0.00542,0.08512,Yes,1049.03,9.2598,0.011656,0.142888,Yes,1270.5,8.2513,0.014117,0.159791,
COSJ095953+022159,4,Yes,1239.79,3.4117,0.015478,0.105719,Yes,1584.51,4.4486,0.019782,0.136113,Yes,1477.27,3.2118,0.018443,0.117609,Yes,1101.49,1.6549,0.013751,0.077911,
COSJ095953+022200,4,Yes,1266.93,3.4117,0.017596,0.111139,Yes,1618.32,4.4486,0.022477,0.143241,Yes,1488.82,3.2118,0.020678,0.123845,Yes,1118.26,1.6549,0.015531,0.081999,
COSJ095953+023319,4,Yes,3454.39,13.2012,0.038382,0.209118,Yes,5558.31,18.7685,0.061759,0.309515,Yes,10926.35,24.8854,0.121404,0.533613,Yes,6677.77,10.4664,0.074198,0.288441,
COSJ095954+020539,4,Yes,545.09,1.4895,0.006057,0.047492,Yes,776.45,2.2184,0.008627,0.053715,Yes,1271.54,3.2619,0.014128,0.085296,Yes,994.35,2.1915,0.011048,0.064783,
COSJ095954+021900,4,Yes,182.45,4.2261,0.002027,0.044953,Yes,282.5,4.0017,0.003139,0.044267,Yes,456.52,0.8255,0.005072,0.035936,Yes,356.05,0.9103,0.003956,0.031598,
COSJ095954+022203,4,Yes,352.92,12.8084,0.003921,0.071285,Yes,269.11,1.7132,0.00299,0.047411,Yes,408.19,1.5607,0.004535,0.043161,Yes,240.62,0.7256,0.002674,0.028087,
COSJ095955+015520,4,Yes,330.94,1.2349,0.003677,0.034757,Yes,359.79,1.3482,0.003998,0.034756,Yes,468.34,1.0915,0.005204,0.034486,Yes,470.06,0.876,0.005223,0.036198,
COSJ095955+015522,4,Yes,354.1,1.2349,0.003934,0.034687,Yes,404.86,1.3482,0.004498,0.034848,Yes,514.38,1.0915,0.005715,0.034626,Yes,489.64,0.876,0.00544,0.036254,
COSJ095955+021900,4,Yes,2520.44,9.7434,0.028005,0.15222,Yes,4109.16,17.793,0.045657,0.24601,Yes,8740.6,25.4012,0.097118,0.478694,Yes,6670.76,15.0504,0.07412,0.346307,
COSJ095955+022901,4,Yes,347.98,1.6727,0.003866,0.046562,Yes,521.61,1.9281,0.005796,0.053058,Yes,772.26,2.1418,0.008581,0.070681,Yes,456.94,1.2002,0.005077,0.044448,
COSJ095956+020100,4,Yes,165.42,0.6077,0.001838,0.030258,Yes,221.13,1.5106,0.002457,0.035019,Yes,526.41,3.2246,0.005849,0.069499,Yes,803.97,5.1899,0.008933,0.111363,
COSJ095956+021920,4,Yes,667.72,9.4911,0.007419,0.103059,Yes,1128.14,14.7975,0.012535,0.156216,Yes,2177.41,16.8799,0.024193,0.270625,Yes,1707.45,10.6596,0.018972,0.198631,
COSJ095956+022028,4,Yes,384.25,1.2415,0.004269,0.044203,Yes,683.84,1.7891,0.007598,0.055126,Yes,1283.31,5.4753,0.014259,0.135827,Yes,1119.78,5.1018,0.012442,0.131965,
COSJ095956+022539,4,Yes,185.7,1.2944,0.002063,0.033639,Yes,449.6,1.8311,0.004996,0.038578,Yes,666.67,1.7799,0.007407,0.05745,Yes,641.16,1.7879,0.007124,0.059553,
COSJ095956+022902,4,Yes,232.11,2.4504,0.002579,0.043177,Yes,217.98,1.6575,0.002422,0.033854,Yes,214.45,1.0462,0.002383,0.023286,Yes,127.31,0.6125,0.001415,0.015996,
COSJ095956+023353,4,Yes,199.07,2.6694,0.002212,0.040337,Yes,248.46,3.49,0.002761,0.045795,Yes,587.79,3.213,0.006531,0.057009,Yes,303.59,1.3342,0.003373,0.031149,
COSJ095957+023529,4,Yes,1425.64,2.8573,0.01584,0.098891,Yes,2109.9,4.4048,0.023443,0.140673,Yes,2790.83,4.3869,0.031009,0.170353,Yes,2049.67,2.3193,0.022774,0.123162,
COSJ095959+020105,4,Yes,231.62,0.6683,0.002574,0.028647,Yes,339.34,1.2199,0.00377,0.030985,Yes,624.7,1.8826,0.006941,0.04519,Yes,771.76,2.1265,0.008575,0.060075,
COSJ095959+020634,4,Yes,419.2,2.5959,0.004658,0.051941,Yes,752.34,3.769,0.008359,0.069377,Yes,1466.46,6.0121,0.016294,0.122061,Yes,1694.74,4.6574,0.01883,0.124165,
COSJ095959+022254,4,Yes,39.38,0.6613,0.000438,0.025884,Yes,106.34,1.0667,0.001182,0.025567,Yes,193.01,1.0861,0.002145,0.025758,Yes,230.25,1.081,0.002558,0.029353,
COSJ095959+023441,4,Yes,-20.81,1.3772,-0.000231,0.031977,Yes,49.02,2.8066,0.000545,0.033101,Yes,730.75,4.8012,0.008119,0.070548,Yes,1260.78,6.5512,0.014009,0.12432,
COSJ095959+023537,4,Yes,73.39,0.3319,0.000815,0.025329,Yes,172.5,0.4494,0.001917,0.025025,Yes,392.93,1.0219,0.004366,0.035425,Yes,496.63,1.3743,0.005518,0.046898,
COSJ095959+023649,4,Yes,276.06,0.7098,0.003067,0.03787,Yes,504.64,1.1395,0.005607,0.03496,Yes,425.99,0.8274,0.004733,0.030325,Yes,253.19,0.4153,0.002813,0.019896,
COSJ100000+021201,4,Yes,9467.0,1363.4688,0.105189,7.323885,Yes,5832.43,158.1951,0.064805,1.514733,Yes,7614.44,191.8654,0.084605,2.331899,Yes,4037.3,68.6325,0.044859,0.901315,
COSJ100000+022042,4,Yes,353.22,0.7038,0.003925,0.043452,Yes,383.15,0.6969,0.004257,0.04006,Yes,357.71,0.4587,0.003975,0.022874,Yes,170.79,0.2311,0.001898,0.01563,
COSJ100000+022327,4,Yes,588.98,6.2338,0.006544,0.078037,Yes,1063.33,10.2693,0.011815,0.123943,Yes,2076.24,12.679,0.023069,0.203063,Yes,2347.16,11.8297,0.02608,0.232303,
COSJ100001+020942,4,Yes,933.93,4.3364,0.010377,0.064698,Yes,1615.57,7.0009,0.017951,0.104257,Yes,3733.77,15.6433,0.041486,0.228141,Yes,3677.81,7.9025,0.040865,0.212855,
COSJ100001+021455,4,Yes,225.75,0.4912,0.002508,0.028751,Yes,300.8,0.7426,0.003342,0.027321,Yes,653.11,0.9833,0.007257,0.029682,Yes,507.91,0.5947,0.005643,0.024427,
COSJ100002+015753,4,Yes,164.77,0.6071,0.001831,0.02892,Yes,345.56,1.3169,0.00384,0.038455,Yes,910.98,3.8948,0.010122,0.095851,Yes,1084.96,4.353,0.012055,0.121912,
COSJ100002+015914,4,Yes,333.17,9.3129,0.003702,0.074215,Yes,544.31,10.2013,0.006048,0.088493,Yes,787.66,8.205,0.008752,0.11271,Yes,847.5,6.3154,0.009417,0.106646,
COSJ100002+020851,4,Yes,245.38,1.7243,0.002726,0.044132,Yes,173.14,2.2838,0.001924,0.047263,Yes,644.08,2.3446,0.007156,0.054342,Yes,507.41,1.5452,0.005638,0.042277,
COSJ100002+020932,4,Yes,2549.01,44.9878,0.028322,0.368318,Yes,3363.73,63.0109,0.037375,0.527815,Yes,4145.98,33.2365,0.046066,0.481582,Yes,2399.89,12.7804,0.026665,0.227697,
COSJ100002+021136,4,Yes,23.16,0.858,0.000257,0.034573,Yes,253.33,1.1215,0.002815,0.035731,Yes,550.16,2.3614,0.006113,0.051959,Yes,980.87,4.2193,0.010899,0.096192,
COSJ100002+022710,4,Yes,524.38,12.1778,0.005826,0.118546,Yes,1089.64,16.6302,0.012107,0.164953,Yes,2348.51,13.6253,0.026095,0.24745,Yes,1499.83,5.5075,0.016665,0.14238,
COSJ100004+015307,4,Yes,8345.26,46.8754,0.092725,0.610515,Yes,12333.33,67.3784,0.137037,0.912119,Yes,15201.78,46.3199,0.168909,0.9967,Yes,8356.93,18.8327,0.092855,0.503861,
COSJ100004+022641,4,Yes,1190.03,1.5415,0.013223,0.062882,Yes,1600.16,2.1619,0.01778,0.075693,Yes,2084.88,2.5374,0.023165,0.095879,Yes,1086.89,1.1169,0.012077,0.050387,
COSJ100004+023543,4,Yes,3588.27,38.9609,0.03987,0.441972,Yes,4799.8,58.7697,0.053331,0.653553,Yes,5111.45,36.3945,0.056794,0.595088,Yes,2920.25,14.2105,0.032447,0.29791,
COSJ100005+021159,4,Yes,534.82,8.8485,0.005942,0.061458,Yes,756.95,7.9951,0.008411,0.06494,Yes,1160.11,1.5857,0.01289,0.062507,Yes,1338.91,1.5098,0.014877,0.069561,
COSJ100005+021223,4,Yes,1044.05,7.1845,0.011601,0.105434,Yes,1517.64,10.9643,0.016863,0.158115,Yes,3302.12,14.4343,0.03669,0.291516,Yes,2677.81,10.4861,0.029753,0.236813,
COSJ100005+023753,4,Yes,4303.09,25.728,0.047812,0.383046,Yes,5938.21,38.5269,0.06598,0.531826,Yes,6911.76,27.2035,0.076797,0.532787,Yes,3977.48,10.7657,0.044194,0.263299,
COSJ100007+015240,4,Yes,179.36,0.8618,0.001993,0.038721,Yes,278.69,0.7919,0.003097,0.034817,Yes,435.86,1.6915,0.004843,0.036524,Yes,513.65,1.9365,0.005707,0.043469,
COSJ100008+020758,4,Yes,218.64,0.5494,0.002429,0.03492,Yes,116.63,0.6169,0.001296,0.029568,Yes,231.5,0.557,0.002572,0.01946,Yes,156.56,0.322,0.00174,0.015602,
COSJ100008+022122,4,Yes,1643.56,22.4378,0.018262,0.237394,Yes,2420.74,33.937,0.026897,0.358171,Yes,4547.56,35.4315,0.050528,0.543559,Yes,2632.83,14.9137,0.029254,0.292297,
COSJ100010+021022,4,Yes,784.43,16.7884,0.008716,0.113127,Yes,1144.44,14.1745,0.012716,0.122464,Yes,2383.52,94.4281,0.026484,0.54422,Yes,2222.83,8.956,0.024698,0.207613,
COSJ100010+022601,4,Yes,2663.4,7.9167,0.029593,0.164849,Yes,4174.09,13.1204,0.046379,0.25979,Yes,5920.97,11.7218,0.065789,0.344581,Yes,4427.67,5.7638,0.049196,0.237098,
COSJ100010+023549,4,Yes,543.98,4.925,0.006044,0.059903,Yes,964.89,6.1275,0.010721,0.079456,Yes,1944.22,6.3548,0.021602,0.146335,Yes,1555.45,3.3539,0.017283,0.103272,
COSJ100010+023634,4,Yes,329.0,1.2199,0.003656,0.042207,Yes,509.92,1.8894,0.005666,0.047221,Yes,756.65,3.8909,0.008407,0.083127,Yes,597.1,2.5726,0.006634,0.062036,
COSJ100011+021301,4,Yes,21945.68,77.6278,0.243841,1.378775,Yes,29327.96,99.709,0.325866,1.842209,Yes,30008.8,60.5808,0.333431,1.573357,Yes,16472.89,27.5992,0.183032,0.816137,
COSJ100011+023501,4,Yes,-31.97,1.0276,-0.000355,0.034507,Yes,153.26,0.8405,0.001703,0.030554,Yes,223.6,1.2157,0.002484,0.028392,Yes,280.48,1.2925,0.003116,0.033491,
COSJ100011+023531,4,Yes,1931.12,8.4941,0.021457,0.132032,Yes,2524.53,12.3873,0.02805,0.187154,Yes,4318.54,15.8656,0.047984,0.318847,Yes,2646.11,7.2778,0.029401,0.184686,
COSJ100011+023713,4,Yes,3042.65,15.1524,0.033807,0.200144,Yes,4584.85,22.5959,0.050943,0.303973,Yes,9121.82,25.6613,0.101354,0.550834,Yes,7624.85,15.7634,0.084721,0.462263,
COSJ100012+022015,4,Yes,7567.53,57.7537,0.084084,0.650316,Yes,10388.03,84.9144,0.115423,0.933959,Yes,12922.48,45.4531,0.143583,0.922398,Yes,6639.18,21.8927,0.073769,0.449807,
COSJ100012+023351,4,Yes,280.23,0.339,0.003114,0.029914,Yes,543.45,0.4723,0.006038,0.032272,Yes,1120.58,0.8719,0.012451,0.049851,Yes,790.84,0.5002,0.008787,0.035913,
COSJ100012+023421,4,Yes,2760.1,16.4388,0.030668,0.231941,Yes,3971.29,24.1894,0.044125,0.345977,Yes,6696.01,26.2157,0.0744,0.537177,Yes,3566.07,10.0712,0.039623,0.261725,
COSJ100013+020223,4,Yes,437.59,31.9476,0.004862,0.160344,Yes,462.07,25.7571,0.005134,0.159372,Yes,690.12,3.7823,0.007668,0.073695,Yes,684.39,3.5332,0.007604,0.082422,
COSJ100013+022023,4,Yes,14300.6,1417.9542,0.158896,7.097136,Yes,18407.46,1265.6843,0.204527,7.325089,Yes,16934.54,195.7218,0.188162,2.268637,Yes,10134.15,75.9312,0.112602,1.030328,
COSJ100013+022949,4,Yes,39.29,0.3534,0.000437,0.031876,Yes,141.56,0.4922,0.001573,0.028591,Yes,217.38,0.8738,0.002415,0.025787,Yes,283.94,1.0478,0.003155,0.033064,
COSJ100013+023205,4,Yes,1446.09,22.4561,0.016068,0.216308,Yes,1895.01,31.4478,0.021056,0.324266,Yes,4188.39,27.4484,0.046538,0.484925,Yes,1986.81,11.4478,0.022076,0.228341,
COSJ100013+023424,4,Yes,1052.61,11.5638,0.011696,0.119184,Yes,2036.66,16.6932,0.02263,0.175485,Yes,3860.74,17.1824,0.042897,0.290721,Yes,2878.4,8.8149,0.031982,0.193285,
COSJ100015+022850,4,Yes,408.3,7.6777,0.004537,0.073731,Yes,691.5,10.8304,0.007683,0.091089,Yes,1239.95,6.5232,0.013777,0.099295,Yes,1117.57,5.1982,0.012417,0.091417,
COSJ100015+023341,4,Yes,589.7,1.074,0.006552,0.04587,Yes,1070.47,2.6401,0.011894,0.077312,Yes,2678.12,7.5641,0.029757,0.227697,Yes,1952.66,5.4677,0.021696,0.173576,
COSJ100015+023621,4,Yes,1296.38,15.6373,0.014404,0.174233,Yes,1831.71,23.8788,0.020352,0.259823,Yes,3216.89,24.0253,0.035743,0.385412,Yes,1827.3,9.795,0.020303,0.189812,
COSJ100015+023708,4,Yes,1493.91,10.786,0.016599,0.13118,Yes,1876.1,14.3651,0.020846,0.175472,Yes,3727.36,15.8339,0.041415,0.312129,Yes,3561.98,11.5124,0.039578,0.275261,
COSJ100016+020956,4,Yes,1321.65,9.016,0.014685,0.128631,Yes,2338.41,12.1797,0.025982,0.197246,Yes,5180.68,15.1025,0.057563,0.389963,Yes,6004.38,15.9015,0.066715,0.421876,
COSJ100016+022131,4,Yes,340.95,7.336,0.003788,0.071731,Yes,402.97,6.4973,0.004477,0.072918,Yes,436.9,3.0043,0.004854,0.067625,Yes,278.17,1.4084,0.003091,0.037113,
COSJ100016+022827,4,Yes,1487.43,12.9443,0.016527,0.169204,Yes,2352.02,19.8443,0.026134,0.256781,Yes,4115.14,24.2866,0.045724,0.427488,Yes,2445.02,10.5574,0.027167,0.238429,
COSJ100017+020443,4,Yes,157.23,0.7456,0.001747,0.046028,Yes,110.81,0.4416,0.001231,0.036836,Yes,191.04,0.3686,0.002123,0.017075,Yes,129.2,0.2589,0.001436,0.014964,
COSJ100017+023020,4,Yes,1302.91,15.349,0.014477,0.162198,Yes,1864.19,22.0774,0.020713,0.231117,Yes,3346.82,20.4422,0.037187,0.376536,Yes,2845.51,13.2588,0.031617,0.296659,
COSJ100018+022034,4,Yes,63.91,1.0499,0.00071,0.030226,Yes,105.18,2.4344,0.001169,0.034606,Yes,344.33,3.6148,0.003826,0.056592,Yes,485.32,4.2715,0.005392,0.07627,
COSJ100018+022138,4,Yes,187.45,1.7356,0.002083,0.037636,Yes,305.44,2.9753,0.003394,0.0506,Yes,827.28,5.431,0.009192,0.104979,Yes,1146.72,6.0115,0.012741,0.136576,
COSJ100018+023741,4,Yes,1837.68,24.0084,0.020419,0.245957,Yes,2579.1,35.0898,0.028657,0.35384,Yes,4481.26,34.1943,0.049792,0.485394,Yes,2697.5,12.5368,0.029972,0.251434,
COSJ100020+021308,4,Yes,243.15,0.549,0.002702,0.040461,Yes,257.87,0.7517,0.002865,0.035762,Yes,523.09,0.7753,0.005812,0.029605,Yes,485.85,0.7261,0.005398,0.027616,
COSJ100020+023047,4,Yes,183.63,1.1843,0.00204,0.029613,Yes,272.21,1.5553,0.003025,0.030134,Yes,354.91,1.3592,0.003943,0.032282,Yes,445.32,1.1934,0.004948,0.037871,
COSJ100020+023332,4,Yes,1711.6,11.5907,0.019018,0.192953,Yes,2545.71,20.061,0.028286,0.30765,Yes,3899.91,23.8555,0.043332,0.433268,Yes,2550.66,9.8301,0.028341,0.223785,
COSJ100021+014905,4,Yes,539.53,1.2173,0.005995,0.043655,Yes,412.96,1.2792,0.004588,0.043152,Yes,522.11,1.0383,0.005801,0.036696,Yes,231.61,0.8861,0.002573,0.022558,
COSJ100021+014915,4,Yes,1071.2,3.1208,0.011902,0.085303,Yes,1449.31,3.0033,0.016103,0.115663,Yes,3026.36,9.2745,0.033626,0.25246,Yes,3071.16,8.846,0.034124,0.254191,
COSJ100021+022333,4,Yes,2245.27,0.6115,0.024947,0.064295,Yes,3213.2,0.7295,0.035702,0.077818,Yes,5754.03,0.6108,0.063934,0.086602,Yes,2701.01,0.3959,0.030011,0.048047,
COSJ100021+023600,4,Yes,2369.45,20.2546,0.026327,0.252729,Yes,3525.39,32.6232,0.039171,0.378194,Yes,6624.77,33.7114,0.073609,0.620142,Yes,5920.0,21.2253,0.065778,0.491279,
COSJ100022+014924,4,Yes,245.54,0.7618,0.002728,0.029459,Yes,292.99,0.774,0.003255,0.028235,Yes,444.21,0.7935,0.004936,0.029914,Yes,471.32,0.6707,0.005237,0.031407,
COSJ100022+021312,4,Yes,20836.53,292.8017,0.231517,2.695477,Yes,25536.33,343.5673,0.283737,3.201813,Yes,21354.75,131.1315,0.237275,2.115712,Yes,17819.07,83.7898,0.19799,1.747905,
COSJ100022+023102,4,Yes,257.48,1.2358,0.002861,0.038509,Yes,358.4,1.8559,0.003982,0.042662,Yes,918.95,3.44,0.010211,0.078796,Yes,1028.78,3.4327,0.011431,0.092328,
COSJ100023+020958,4,Yes,1041.18,7.9608,0.011569,0.076244,Yes,1354.85,9.125,0.015054,0.094513,Yes,2061.92,5.3077,0.02291,0.105989,Yes,1539.38,3.95,0.017104,0.073976,
COSJ100023+021652,4,Yes,2058.45,6.261,0.022872,0.116361,Yes,3119.47,11.652,0.034661,0.194471,Yes,5923.65,18.5592,0.065818,0.379839,Yes,3533.35,9.0581,0.039259,0.217665,
COSJ100024+015334,4,Yes,130.57,1.2804,0.001451,0.029365,Yes,313.6,4.1358,0.003484,0.047212,Yes,1091.18,7.0832,0.012124,0.107761,Yes,1704.99,7.3417,0.018944,0.149104,
COSJ100024+021749,4,Yes,3180.64,30.9016,0.044924,0.431993,Yes,4426.43,43.5156,0.06252,0.599542,Yes,5346.89,32.2405,0.075521,0.598478,Yes,3285.73,11.5982,0.046409,0.276435,
COSJ100025+015245,4,Yes,336.57,4.8056,0.00374,0.048945,Yes,533.93,6.4915,0.005933,0.064489,Yes,1084.8,5.0208,0.012053,0.095246,Yes,1528.51,4.1969,0.016983,0.122167,
COSJ100025+021538,4,Yes,1494.18,32.2144,0.016602,0.232249,Yes,1946.73,52.8382,0.02163,0.348734,Yes,2657.72,11.6263,0.02953,0.280623,Yes,1704.97,6.0475,0.018944,0.166531,
COSJ100025+022001,4,Yes,656.26,13.3933,0.007292,0.117346,Yes,808.21,16.0202,0.00898,0.139304,Yes,1118.64,10.5334,0.012429,0.155651,Yes,960.36,4.3117,0.010671,0.097308,
COSJ100025+023225,4,Yes,718.47,5.921,0.007983,0.085996,Yes,976.08,10.7165,0.010845,0.130032,Yes,1801.88,11.9745,0.020021,0.213045,Yes,1045.94,5.6214,0.011622,0.11922,
COSJ100026+020345,4,Yes,3277.08,15.1885,0.036412,0.239037,Yes,4320.99,23.2364,0.048011,0.331403,Yes,6437.07,28.9011,0.071523,0.546051,Yes,4164.44,15.0712,0.046272,0.333324,
COSJ100026+023013,4,Yes,172.1,7.4885,0.001912,0.07387,Yes,430.73,11.6295,0.004786,0.117456,Yes,1006.34,13.6537,0.011182,0.201546,Yes,1188.24,11.8385,0.013203,0.208791,
COSJ100027+015014,4,Yes,254.91,1.7641,0.002832,0.040337,Yes,351.5,2.1695,0.003906,0.043741,Yes,391.98,1.5829,0.004355,0.041908,Yes,238.7,0.6893,0.002652,0.023658,
COSJ100027+020051,4,Yes,1167.2,13.2706,0.012969,0.144096,Yes,1555.09,19.4131,0.017279,0.211933,Yes,3324.41,22.0193,0.036938,0.338278,Yes,2069.9,9.8549,0.022999,0.20051,
COSJ100027+023137,4,Yes,482.89,4.8493,0.005365,0.073873,Yes,596.01,7.4695,0.006622,0.090751,Yes,1001.3,7.9713,0.011126,0.133494,Yes,741.98,4.3853,0.008244,0.093351,
COSJ100028+015805,4,Yes,372.78,0.715,0.004142,0.032994,Yes,741.77,1.2935,0.008242,0.04594,Yes,2242.58,4.631,0.024918,0.121905,Yes,3063.09,7.0418,0.034034,0.179363,
COSJ100028+020024,4,Yes,291.35,0.8573,0.003237,0.041828,Yes,253.87,1.0594,0.002821,0.040841,Yes,560.71,1.4654,0.00623,0.050492,Yes,555.03,2.6291,0.006167,0.049353,
COSJ100028+021600,4,Yes,2604.04,31.7426,0.028934,0.344066,Yes,3761.34,45.2318,0.041793,0.477574,Yes,6634.18,43.7918,0.073713,0.721277,Yes,4088.92,19.4859,0.045432,0.396332,
COSJ100028+021710,4,Yes,662.39,2.1198,0.00736,0.056301,Yes,858.79,2.4827,0.009542,0.065218,Yes,1283.98,2.5866,0.014266,0.090008,Yes,911.01,1.3406,0.010122,0.062639,
COSJ100028+021731,4,Yes,1117.26,3.5005,0.012414,0.065954,Yes,1793.27,5.8756,0.019925,0.097309,Yes,3382.74,9.535,0.037586,0.21419,Yes,4148.02,7.9793,0.046089,0.270082,
COSJ100028+021928,4,Yes,2644.2,17.5887,0.02938,0.250838,Yes,4055.37,27.9672,0.04506,0.401361,Yes,7353.19,36.0542,0.081702,0.678833,Yes,4658.09,16.6248,0.051757,0.37717,
COSJ100030+014754,4,Yes,484.89,2.7413,0.005388,0.056092,Yes,713.98,2.6991,0.007933,0.062123,Yes,1469.78,4.2962,0.016331,0.123827,Yes,1876.34,5.3657,0.020848,0.165288,
COSJ100030+014853,4,Yes,80.28,0.8782,0.000892,0.027041,Yes,241.73,1.0496,0.002686,0.028089,Yes,445.47,1.2742,0.00495,0.041866,Yes,595.29,2.1898,0.006614,0.063808,
COSJ100030+015427,4,Yes,762.44,15.3454,0.008472,0.131971,Yes,1513.35,22.8922,0.016815,0.206766,Yes,3532.07,23.4634,0.039245,0.400084,Yes,4154.71,23.4398,0.046163,0.455541,
COSJ100030+021410,4,Yes,690.03,1.1238,0.007667,0.051133,Yes,1046.49,2.3268,0.011628,0.062299,Yes,1748.96,2.6983,0.019433,0.084859,Yes,1853.99,2.8965,0.0206,0.090214,
COSJ100030+022026,4,Yes,315.45,9.6098,0.003505,0.080463,Yes,528.84,11.8329,0.005876,0.10286,Yes,973.35,10.5195,0.010815,0.147374,Yes,861.24,6.8523,0.009569,0.121406,
COSJ100031+015335,4,Yes,252.38,1.0793,0.002804,0.043344,Yes,268.43,1.2588,0.002983,0.039456,Yes,477.78,1.2762,0.005309,0.036586,Yes,343.4,0.7854,0.003816,0.027196,
COSJ100031+020046,4,Yes,123.97,1.0791,0.001377,0.037492,Yes,23.96,0.8185,0.000266,0.030832,Yes,208.6,0.9175,0.002318,0.024507,Yes,180.81,1.3377,0.002009,0.026749,
COSJ100031+020113,4,Yes,874.07,62.053,0.009712,0.344673,Yes,1168.9,61.3075,0.012988,0.337726,Yes,2020.98,13.089,0.022455,0.172466,Yes,2630.73,9.7833,0.02923,0.215319,
COSJ100031+022615,4,Yes,9968.47,57.5835,0.110761,0.659233,Yes,13077.19,75.4541,0.145302,0.901509,Yes,12991.4,41.2407,0.144349,0.785293,Yes,7524.45,17.7861,0.083605,0.418284,
COSJ100031+022639,4,Yes,529.75,6.7559,0.005886,0.074489,Yes,1045.17,12.1957,0.011613,0.126834,Yes,2214.13,13.4521,0.024601,0.224397,Yes,2951.28,12.9877,0.032792,0.26776,
COSJ100031+023300,4,Yes,12207.18,53.3528,0.135635,0.770846,Yes,15882.85,81.0238,0.176476,1.085196,Yes,15754.74,48.0428,0.175053,0.96282,Yes,8540.43,20.375,0.094894,0.483382,
COSJ100033+015039,4,Yes,2819.35,25.1533,0.031326,0.219008,Yes,3795.52,29.5076,0.042172,0.307473,Yes,5687.94,24.1224,0.063199,0.471762,Yes,3351.11,14.6235,0.037235,0.291419,
COSJ100033+015709,4,Yes,92.43,0.5738,0.001027,0.032804,Yes,198.33,0.8574,0.002204,0.030242,Yes,279.93,0.8892,0.00311,0.028751,Yes,282.37,0.8743,0.003137,0.030858,
COSJ100033+021339,4,Yes,115.67,0.8075,0.001285,0.023944,Yes,204.91,1.3287,0.002277,0.023701,Yes,345.02,1.6217,0.003834,0.030494,Yes,462.04,1.8295,0.005134,0.039833,
COSJ100033+022752,4,Yes,1876.53,21.6931,0.02085,0.237447,Yes,2695.7,31.0013,0.029952,0.326095,Yes,3419.84,23.5764,0.037998,0.390031,Yes,1690.23,8.3139,0.01878,0.172888,
COSJ100034+015047,4,Yes,181.2,0.6627,0.002013,0.046775,Yes,185.99,0.7302,0.002067,0.03889,Yes,262.65,0.321,0.002918,0.01753,Yes,280.73,8.1169,0.003119,0.064189,
COSJ100034+021133,4,Yes,1972.97,13.3266,0.021922,0.185897,Yes,3077.58,21.2228,0.034195,0.291999,Yes,6038.43,28.4484,0.067094,0.529589,Yes,3783.28,15.1674,0.042036,0.324702,
COSJ100035+015102,4,Yes,1836.29,168.6092,0.020403,1.098259,Yes,2189.11,209.0871,0.024323,1.330248,Yes,1349.53,30.9437,0.014995,0.326306,Yes,1474.59,49.0051,0.016384,0.401624,
COSJ100036+015220,4,Yes,8260.73,26.0599,0.091786,0.399523,Yes,10913.59,37.0143,0.121262,0.571563,Yes,11486.59,30.2852,0.127629,0.616346,Yes,6871.69,11.0792,0.076352,0.333245,
COSJ100036+015439,4,Yes,163.69,0.5093,0.001819,0.026882,Yes,254.46,0.4868,0.002827,0.024937,Yes,222.77,0.6613,0.002475,0.021988,Yes,236.86,0.6633,0.002632,0.023314,
COSJ100036+020354,4,Yes,420.82,0.902,0.004676,0.038376,Yes,416.79,1.0251,0.004631,0.038943,Yes,608.91,1.0561,0.006766,0.043836,Yes,428.77,0.8109,0.004764,0.031622,
COSJ100037+020928,4,Yes,1337.44,9.1611,0.01486,0.094989,Yes,1736.61,11.0726,0.019296,0.132567,Yes,2875.47,9.488,0.03195,0.198836,Yes,1899.01,4.7974,0.0211,0.120707,
COSJ100037+021117,4,Yes,517.01,1.3348,0.005745,0.044015,Yes,441.26,1.7549,0.004903,0.041159,Yes,759.35,1.6764,0.008437,0.043169,Yes,608.92,1.5053,0.006766,0.041782,
COSJ100038+014850,4,Yes,245.52,3.7764,0.002728,0.045447,Yes,521.17,6.2098,0.005791,0.069571,Yes,970.64,8.5324,0.010785,0.135191,Yes,1170.25,8.0987,0.013003,0.156281,
COSJ100038+015132,4,Yes,718.49,1.7299,0.007983,0.063758,Yes,833.95,2.2025,0.009266,0.075715,Yes,1052.26,2.0653,0.011692,0.085934,Yes,642.67,1.1862,0.007141,0.050766,
COSJ100038+022455,4,Yes,326.98,2.1043,0.003633,0.045394,Yes,627.52,3.9938,0.006972,0.073188,Yes,1925.58,13.3154,0.021395,0.23161,Yes,2373.04,23.688,0.026367,0.385413,
COSJ100038+023226,4,Yes,709.74,18.6364,0.007886,0.115535,Yes,1032.59,16.732,0.011473,0.126237,Yes,1306.35,3.8395,0.014515,0.10555,Yes,721.96,1.7501,0.008022,0.056439,
COSJ100038+023304,4,Yes,841.34,4.0393,0.009348,0.075051,Yes,1134.05,5.0674,0.012601,0.097409,Yes,1628.79,5.7561,0.018098,0.136825,Yes,928.8,2.5449,0.01032,0.073228,
COSJ100038+023326,4,Yes,50.32,0.6701,0.000559,0.031962,Yes,113.02,0.8689,0.001256,0.027213,Yes,243.12,1.0777,0.002701,0.02142,Yes,288.58,1.03,0.003206,0.02592,
COSJ100039+020305,4,Yes,264.91,2.9142,0.002943,0.033829,Yes,397.65,2.4872,0.004418,0.034907,Yes,479.96,1.5006,0.005333,0.040865,Yes,531.1,1.6629,0.005901,0.047137,
COSJ100039+020800,4,Yes,8872.43,302.9221,0.098583,2.488196,Yes,10494.4,185.2467,0.116604,2.432608,Yes,6640.9,36.7621,0.073788,0.78298,Yes,10014.86,111.2273,0.111276,1.761941,
COSJ100040+015213,4,Yes,940.16,17.9535,0.010446,0.13132,Yes,1387.15,15.5228,0.015413,0.154446,Yes,2677.29,13.6621,0.029748,0.245247,Yes,2314.23,8.9199,0.025714,0.199705,
COSJ100041+020145,4,Yes,97.5,0.2889,0.001083,0.035631,Yes,82.32,0.3473,0.000915,0.029025,Yes,81.91,0.4157,0.00091,0.015509,Yes,105.81,0.375,0.001176,0.016642,
COSJ100041+022807,4,Yes,1802.97,15.6277,0.020033,0.179291,Yes,2416.35,22.6369,0.026848,0.266252,Yes,4376.55,26.4027,0.048628,0.415151,Yes,2415.23,9.9464,0.026836,0.200666,
COSJ100042+020212,4,Yes,7517.09,68.5872,0.083523,0.827042,Yes,9601.92,84.8671,0.106688,1.072108,Yes,8230.61,41.4003,0.091451,0.78513,Yes,4697.3,18.055,0.052192,0.393443,
COSJ100042+022746,4,Yes,83.35,0.3415,0.000926,0.029798,Yes,118.4,0.6418,0.001316,0.029188,Yes,347.25,1.5632,0.003858,0.042051,Yes,441.44,2.038,0.004905,0.057272,
COSJ100043+015638,4,Yes,245.02,0.9832,0.002722,0.031383,Yes,324.48,1.1173,0.003605,0.031294,Yes,545.91,1.0839,0.006066,0.035926,Yes,573.73,1.1679,0.006375,0.040445,
COSJ100043+022143,4,Yes,307.16,0.4751,0.003413,0.03207,Yes,504.61,0.5977,0.005607,0.035262,Yes,707.0,0.7677,0.007856,0.044831,Yes,694.84,0.7478,0.00772,0.045266,
COSJ100043+022356,4,Yes,160.46,0.4319,0.001783,0.038636,Yes,209.26,0.6047,0.002325,0.033371,Yes,512.08,1.0229,0.00569,0.032682,Yes,495.66,1.2934,0.005507,0.034576,
COSJ100044+020652,4,Yes,9255.83,6.255,0.102843,0.255488,Yes,10811.42,7.0565,0.120127,0.294483,Yes,8463.25,3.9102,0.094036,0.202878,Yes,5286.41,2.0938,0.058738,0.127396,
COSJ100044+021508,4,Yes,679.81,2.3126,0.007553,0.062037,Yes,1326.72,5.2615,0.014741,0.113804,Yes,2308.83,12.4435,0.025654,0.259793,Yes,1890.34,6.9289,0.021004,0.183269,
COSJ100044+022404,4,Yes,201.7,1.172,0.002241,0.041601,Yes,201.54,1.3773,0.002239,0.036199,Yes,430.01,1.4243,0.004778,0.030048,Yes,439.58,1.5775,0.004884,0.034566,
COSJ100045+014712,4,Yes,2423.24,27.535,0.026925,0.276036,Yes,3288.48,36.3203,0.036539,0.380464,Yes,5852.92,33.0452,0.065032,0.564026,Yes,3741.11,15.4742,0.041568,0.325796,
COSJ100045+015244,4,Yes,229.67,1.1456,0.002552,0.037933,Yes,233.79,0.8371,0.002598,0.033281,Yes,332.45,0.6836,0.003694,0.026773,Yes,288.33,0.5055,0.003204,0.02317,
COSJ100045+020601,4,Yes,42.97,0.5123,0.000477,0.026956,Yes,163.65,0.656,0.001818,0.023716,Yes,121.24,0.734,0.001347,0.019124,Yes,93.25,0.3938,0.001036,0.014398,
COSJ100045+022738,4,Yes,118.31,0.6521,0.001315,0.026469,Yes,311.95,1.271,0.003466,0.039003,Yes,899.44,5.1527,0.009994,0.116527,Yes,1360.42,8.4022,0.015116,0.186393,
COSJ100046+014924,4,Yes,430.02,2.9299,0.004778,0.065078,Yes,534.39,4.1892,0.005938,0.080096,Yes,665.48,16.2524,0.007394,0.129195,Yes,507.45,14.0497,0.005638,0.101018,
COSJ100046+015029,4,Yes,657.42,8.6143,0.007305,0.094102,Yes,899.75,10.0084,0.009997,0.121041,Yes,1661.74,10.9016,0.018464,0.19243,Yes,1216.42,6.1363,0.013516,0.124701,
COSJ100046+020424,4,Yes,1950.17,10.1539,0.021669,0.154197,Yes,2606.16,14.5188,0.028957,0.228673,Yes,5172.76,19.8359,0.057475,0.406898,Yes,4025.01,13.553,0.044722,0.306222,
COSJ100046+021906,4,Yes,277.83,4.8494,0.003087,0.057447,Yes,271.78,4.8939,0.00302,0.057612,Yes,500.34,3.8996,0.005559,0.06442,Yes,578.76,3.7774,0.006431,0.068818,
COSJ100046+022321,4,Yes,144.6,0.9437,0.001607,0.037213,Yes,163.77,1.0725,0.00182,0.033887,Yes,236.44,1.1377,0.002627,0.032091,Yes,283.16,1.1902,0.003146,0.037036,
COSJ100047+015023,4,Yes,3473.0,14.0831,0.038589,0.220768,Yes,5156.22,21.2779,0.057291,0.331789,Yes,10391.0,29.2543,0.115456,0.627117,Yes,7896.67,19.8901,0.087741,0.464513,
COSJ100047+015313,4,Yes,180.18,0.9023,0.002002,0.032199,Yes,172.46,1.0036,0.001916,0.029782,Yes,272.37,0.8562,0.003026,0.026152,Yes,181.23,0.51,0.002014,0.019276,
COSJ100048+015412,4,Yes,2469.18,19.1725,0.027435,0.257559,Yes,3198.96,26.9746,0.035544,0.348527,Yes,5461.74,44.5122,0.060686,0.672001,Yes,8135.68,111.9508,0.090396,1.609028,
COSJ100049+014721,4,Yes,4377.34,40.8795,0.048637,0.45718,Yes,5762.81,50.9229,0.064031,0.615871,Yes,6328.9,31.9219,0.070321,0.586663,Yes,3316.84,12.3794,0.036854,0.271462,
COSJ100049+014829,4,Yes,79.22,0.4646,0.00088,0.039533,Yes,318.83,11.2846,0.003543,0.065634,Yes,528.6,1.9087,0.005873,0.059914,Yes,861.07,3.613,0.009567,0.10125,
COSJ100049+021945,4,Yes,156.78,1.9166,0.001742,0.043674,Yes,246.92,2.2676,0.002744,0.045608,Yes,343.86,2.5134,0.003821,0.053724,Yes,379.08,2.3627,0.004212,0.05933,
COSJ100049+022656,4,Yes,332.68,1.2307,0.003696,0.036476,Yes,844.91,2.7808,0.009388,0.052116,Yes,2160.38,5.7514,0.024004,0.141283,Yes,2974.73,6.5817,0.033053,0.198013,
COSJ100050+014728,4,Yes,18981.08,77.7462,0.210901,1.060938,Yes,26119.28,102.9755,0.290214,1.505407,Yes,28608.73,70.282,0.317875,1.478766,Yes,15910.16,30.6503,0.17678,0.748396,
COSJ100050+015421,4,Yes,12821.76,1239.0101,0.142464,6.544283,Yes,11182.49,105.8232,0.12425,1.470001,Yes,13298.73,157.9602,0.147764,1.855624,Yes,7222.92,54.5473,0.080255,0.863861,
COSJ100050+020357,4,Yes,2863.58,20.1558,0.031818,0.237285,Yes,4202.96,25.4731,0.0467,0.3282,Yes,7456.41,15.2873,0.082849,0.408032,Yes,5630.8,11.6725,0.062564,0.302343,
COSJ100050+022118,4,Yes,17540.54,35.5242,0.194895,0.708165,Yes,25733.66,61.0974,0.28593,1.178049,Yes,26302.71,52.3384,0.292252,1.30771,Yes,18957.83,26.4188,0.210643,0.909293,
COSJ100051+015724,4,Yes,1303.86,32.3327,0.014487,0.194258,Yes,1617.29,2.74,0.01797,0.088016,Yes,2535.68,4.4909,0.028174,0.151879,Yes,1959.59,6.3442,0.021773,0.139322,
COSJ100051+023219,4,Yes,9067.58,3.4151,0.100751,0.189598,Yes,12121.62,6.9139,0.134685,0.256224,Yes,19319.69,18.0164,0.214663,0.408892,Yes,11849.03,12.9799,0.131656,0.327386,
COSJ100052+014856,4,Yes,13238.17,485.9023,0.147091,2.506653,Yes,17893.0,744.7695,0.198811,4.146189,Yes,12936.55,106.6915,0.143739,1.65218,Yes,7263.29,32.3895,0.080703,0.764567,
COSJ100053+020042,4,Yes,1594.24,11.4148,0.017714,0.13617,Yes,2358.85,18.74,0.026209,0.207378,Yes,4797.67,21.0399,0.053307,0.393745,Yes,5031.88,36.3225,0.05591,0.617357,
COSJ100054+014602,4,Yes,3690.33,30.688,0.041004,0.377396,Yes,5877.69,64.6427,0.065308,0.709597,Yes,8985.14,104.1412,0.099835,1.330631,Yes,7498.95,79.011,0.083322,1.284466,
COSJ100054+014936,4,Yes,160.86,13.5485,0.001787,0.091069,Yes,192.59,22.0387,0.00214,0.15005,Yes,354.53,10.4009,0.003939,0.122489,Yes,503.56,9.0082,0.005595,0.135546,
COSJ100054+015225,4,Yes,859.94,14.9737,0.009555,0.15661,Yes,1380.81,28.4276,0.015342,0.267341,Yes,1993.5,26.9261,0.02215,0.352446,Yes,1097.97,9.1887,0.0122,0.165973,
COSJ100055+021413,4,Yes,161.56,5.8544,0.001795,0.047587,Yes,254.65,6.7819,0.002829,0.052905,Yes,123.31,1.1794,0.00137,0.019679,Yes,66.59,0.4086,0.00074,0.012649,
COSJ100055+022022,4,Yes,454.87,13.0312,0.005054,0.109789,Yes,708.51,15.7704,0.007872,0.142834,Yes,1188.24,11.8117,0.013203,0.187547,Yes,940.52,6.76,0.01045,0.130244,
COSJ100055+022059,4,Yes,51.25,3.1601,0.000569,0.036833,Yes,125.86,2.9883,0.001398,0.03678,Yes,169.7,1.8257,0.001886,0.031721,Yes,110.95,1.3586,0.001233,0.027098,
COSJ100057+015056,4,Yes,84.8,0.3804,0.000942,0.033616,Yes,173.12,0.4369,0.001924,0.029403,Yes,315.39,0.5743,0.003504,0.022163,Yes,244.63,0.4411,0.002718,0.020056,
COSJ100057+020245,4,Yes,228.19,1.6993,0.002535,0.03127,Yes,268.58,1.7915,0.002984,0.031811,Yes,348.53,1.2905,0.003873,0.031065,Yes,358.78,1.1198,0.003986,0.031274,
COSJ100057+021443,4,Yes,4013.17,447.7057,0.044591,2.277053,Yes,5180.21,646.8364,0.057558,3.376247,Yes,2819.49,99.6525,0.031328,1.011231,Yes,2045.51,41.9856,0.022728,0.589066,
COSJ100057+021924,4,Yes,254.38,0.5823,0.002826,0.039161,Yes,522.72,0.8759,0.005808,0.036352,Yes,516.41,0.3427,0.005738,0.027151,Yes,308.2,0.2229,0.003424,0.020276,
COSJ100058+015400,4,Yes,2133.56,202.7341,0.023706,0.973775,Yes,2524.39,135.0209,0.028049,0.880136,Yes,4023.84,56.4584,0.044709,0.582324,Yes,6317.81,73.5028,0.070198,1.066129,
COSJ100058+022721,4,Yes,152.36,0.7739,0.001693,0.025955,Yes,96.57,0.4638,0.001073,0.025199,Yes,171.33,0.3419,0.001904,0.01644,Yes,95.08,0.2273,0.001056,0.013486,
COSJ100059+020519,4,Yes,194.06,4.5596,0.002156,0.041745,Yes,341.6,6.2513,0.003796,0.054643,Yes,594.0,4.7968,0.0066,0.068217,Yes,538.2,3.4067,0.00598,0.061889,
COSJ100100+015653,4,Yes,1864.92,15.998,0.020721,0.179915,Yes,2841.65,21.2723,0.031574,0.264786,Yes,5403.12,24.9135,0.060035,0.436782,Yes,5471.38,19.1564,0.060793,0.407561,
COSJ100101+020120,4,Yes,266.26,0.5169,0.002958,0.032077,Yes,232.91,0.6203,0.002588,0.029324,Yes,370.68,0.7194,0.004119,0.027159,Yes,427.69,0.7419,0.004752,0.02938,
COSJ100101+020230,4,Yes,276.38,1.8645,0.003071,0.040726,Yes,383.04,2.0959,0.004256,0.045326,Yes,614.78,2.3036,0.006831,0.04987,Yes,624.86,2.3066,0.006943,0.053226,
COSJ100101+020814,4,Yes,1523.82,15.9207,0.016931,0.164745,Yes,2068.07,23.4588,0.022979,0.241277,Yes,3464.11,20.3717,0.03849,0.330673,Yes,1753.43,7.8777,0.019483,0.15953,
COSJ100101+021108,4,Yes,1109.64,5.8767,0.012329,0.089527,Yes,1685.17,9.9652,0.018724,0.142334,Yes,3846.7,12.8725,0.042741,0.297856,Yes,4717.57,13.0512,0.052417,0.352419,
COSJ100101+021819,4,Yes,176.48,0.6195,0.002431,0.040028,Yes,156.44,0.9785,0.002155,0.036105,Yes,246.17,1.2043,0.003391,0.030313,Yes,264.67,1.3528,0.003646,0.035697,
COSJ100101+023258,4,Yes,92.97,0.3814,0.001033,0.025684,Yes,97.41,0.3857,0.001082,0.02031,Yes,281.82,0.5483,0.003131,0.022422,Yes,292.27,0.4832,0.003247,0.021352,
COSJ100103+014547,4,Yes,424.59,6.6975,0.004718,0.071479,Yes,638.14,8.1932,0.00709,0.093014,Yes,1063.02,7.1672,0.011811,0.122165,Yes,647.1,3.0529,0.00719,0.061107,
COSJ100103+014614,4,Yes,1263.84,5.2861,0.014043,0.078362,Yes,1619.13,6.5203,0.01799,0.096839,Yes,2322.68,8.2144,0.025808,0.164794,Yes,1537.55,5.3603,0.017084,0.12204,
COSJ100103+015121,4,Yes,438.56,3.175,0.004873,0.05531,Yes,740.24,6.0432,0.008225,0.083507,Yes,1728.46,10.3894,0.019205,0.191248,Yes,1701.32,8.1754,0.018904,0.17495,
COSJ100103+015207,4,Yes,3138.51,28.9379,0.034872,0.309188,Yes,4817.13,39.6872,0.053524,0.468345,Yes,7636.83,33.8811,0.084854,0.61296,Yes,4013.34,14.0057,0.044593,0.288737,
COSJ100103+015747,4,Yes,3306.15,27.1022,0.036735,0.307685,Yes,5063.7,38.534,0.056263,0.457925,Yes,9807.98,44.7349,0.108978,0.740794,Yes,7352.15,24.8809,0.081691,0.514957,
COSJ100103+015816,4,Yes,2018.83,11.7121,0.022431,0.16522,Yes,3141.12,18.867,0.034901,0.252703,Yes,6337.82,25.3732,0.07042,0.484922,Yes,5019.45,16.5516,0.055772,0.365656,
COSJ100103+020159,4,Yes,516.9,9.1187,0.005743,0.077918,Yes,777.84,12.6116,0.008643,0.11413,Yes,1602.33,11.3652,0.017804,0.179198,Yes,1875.28,8.2124,0.020836,0.176967,
COSJ100103+020433,4,Yes,289.48,2.5804,0.003216,0.04852,Yes,364.88,2.9259,0.004054,0.048754,Yes,370.54,2.0443,0.004117,0.037441,Yes,273.64,1.2267,0.00304,0.030076,
COSJ100103+021610,4,Yes,788.14,4.6834,0.008757,0.086354,Yes,1284.75,9.5253,0.014275,0.14709,Yes,2471.26,12.054,0.027458,0.252631,Yes,2267.5,6.3275,0.025194,0.188233,
COSJ100104+015032,4,Yes,1356.69,4.2963,0.015074,0.120642,Yes,1867.6,6.1829,0.020751,0.172103,Yes,2831.64,9.5159,0.031463,0.252222,Yes,1815.63,5.5934,0.020174,0.161302,
COSJ100104+015548,4,Yes,311.15,1.2159,0.003457,0.037341,Yes,375.56,1.1758,0.004173,0.034624,Yes,464.43,1.048,0.00516,0.030481,Yes,311.2,0.5851,0.003458,0.021743,
COSJ100104+015631,4,Yes,846.98,3.0021,0.009411,0.057162,Yes,1196.39,4.3056,0.013293,0.070825,Yes,2011.28,5.5595,0.022348,0.117932,Yes,1662.51,3.3293,0.018472,0.093204,
COSJ100105+015027,4,Yes,29261.9,147.1321,0.325132,2.008499,Yes,39373.64,204.3346,0.437485,2.753638,Yes,36647.8,97.7526,0.407198,2.048661,Yes,20195.43,42.7849,0.224394,1.069506,
COSJ100105+020959,4,Yes,293.29,2.5661,0.003259,0.048545,Yes,316.88,2.7908,0.003521,0.050814,Yes,415.23,2.8078,0.004614,0.061458,Yes,286.12,1.4958,0.003179,0.039041,
COSJ100106+014743,4,Yes,299.84,1.6139,0.003332,0.06521,Yes,1863.17,621.3887,0.020702,2.475437,Yes,561.92,2.1201,0.006244,0.066666,Yes,322.89,1.0847,0.003588,0.038751,
COSJ100106+015025,4,Yes,3936.68,29.1107,0.043741,0.325733,Yes,5141.88,36.9201,0.057132,0.42458,Yes,6039.98,24.9396,0.067111,0.42019,Yes,3470.79,12.9962,0.038564,0.244339,
COSJ100106+015848,4,Yes,512.38,10.8381,0.005693,0.107834,Yes,807.06,14.1409,0.008967,0.148447,Yes,1289.88,14.8008,0.014332,0.221085,Yes,939.7,7.5763,0.010441,0.14217,
COSJ100107+022736,4,Yes,10018.91,14.9954,0.111321,0.645687,Yes,11925.23,17.6488,0.132503,0.749643,Yes,8702.6,9.6086,0.096696,0.503985,Yes,5738.38,5.0161,0.06376,0.332911,
COSJ100108+014922,4,Yes,425.39,2.1642,0.004727,0.04943,Yes,458.53,2.8757,0.005095,0.050834,Yes,627.17,2.1924,0.006969,0.051195,Yes,600.77,1.4578,0.006675,0.045137,
COSJ100108+021907,4,Yes,120.39,0.9771,0.001338,0.030021,Yes,267.15,1.1506,0.002968,0.028986,Yes,227.23,1.1919,0.002525,0.029016,Yes,231.75,1.0607,0.002575,0.029118,
COSJ100109+015436,4,Yes,6851.25,48.1015,0.076125,0.662332,Yes,8707.94,64.665,0.096755,0.882113,Yes,8134.66,36.3675,0.090385,0.746089,Yes,6070.01,18.8601,0.067445,0.519182,
COSJ100109+015549,4,Yes,528.08,1.6349,0.005868,0.051506,Yes,666.14,2.1718,0.007402,0.057795,Yes,1094.27,2.3816,0.012159,0.076065,Yes,632.72,1.0914,0.00703,0.042,
COSJ100109+020148,4,Yes,4174.39,509.8833,0.046382,2.87404,Yes,4552.99,516.3119,0.050589,3.051419,Yes,2502.22,88.375,0.027802,0.870949,Yes,1753.16,33.3846,0.01948,0.447729,
COSJ100109+020536,4,Yes,1034.38,3.0636,0.011493,0.07862,Yes,1263.96,3.5996,0.014044,0.087162,Yes,1230.08,2.5505,0.013668,0.075649,Yes,913.99,1.2978,0.010155,0.04987,
COSJ100110+015415,4,Yes,1325.61,16.4764,0.014729,0.193782,Yes,1829.04,23.1854,0.020323,0.277279,Yes,2422.25,17.8869,0.026914,0.328376,Yes,1387.55,7.1002,0.015417,0.155073,
COSJ100110+020400,4,Yes,370.13,1.4345,0.004113,0.0401,Yes,561.04,2.163,0.006234,0.048976,Yes,764.39,3.5336,0.008493,0.078041,Yes,509.14,1.9095,0.005657,0.050659,
COSJ100110+022157,4,Yes,303.59,0.8914,0.003373,0.033331,Yes,424.19,1.1622,0.004713,0.035188,Yes,691.55,1.4327,0.007684,0.046379,Yes,784.75,1.5949,0.008719,0.058465,
COSJ100110+023301,4,Yes,2501.35,350.4791,0.027793,1.7967,Yes,2499.65,203.656,0.027774,1.472687,Yes,1788.4,65.4696,0.019871,0.618661,Yes,1341.8,19.573,0.014909,0.279242,
COSJ100111+020157,4,Yes,1918.68,157.3427,0.021319,0.749556,Yes,2515.09,214.2279,0.027945,1.02019,Yes,3099.12,26.2298,0.034435,0.363084,Yes,2452.6,10.1026,0.027251,0.247985,
COSJ100111+022230,4,Yes,2508.25,8.9005,0.027869,0.153293,Yes,3477.6,15.2821,0.03864,0.234849,Yes,5572.08,21.8743,0.061912,0.418207,Yes,3611.54,12.4148,0.040128,0.271609,
COSJ100111+022233,4,Yes,2000.91,8.9005,0.022232,0.151518,Yes,2937.37,15.2821,0.032637,0.230024,Yes,4765.63,21.8743,0.052951,0.399675,Yes,2975.86,12.4148,0.033065,0.255069,
COSJ100112+022310,4,Yes,40.82,0.2864,0.000454,0.032024,Yes,62.33,0.3826,0.000693,0.026598,Yes,263.97,0.6297,0.002933,0.024218,Yes,623.48,1.9082,0.006928,0.061117,
COSJ100112+023057,4,Yes,678.26,2.0796,0.007536,0.061081,Yes,741.55,2.1799,0.008239,0.06551,Yes,595.8,1.3488,0.00662,0.047381,Yes,371.57,0.6465,0.004129,0.028926,
COSJ100113+020313,4,Yes,1252.95,9.6636,0.013922,0.11582,Yes,1778.84,14.4445,0.019765,0.166238,Yes,3279.68,15.1929,0.036441,0.25417,Yes,2554.48,8.824,0.028383,0.199823,
COSJ100113+020321,4,Yes,6561.56,909.5512,0.072906,4.837746,Yes,7124.44,840.886,0.07916,5.051524,Yes,4016.64,141.3653,0.044629,1.518168,Yes,2480.78,47.7758,0.027564,0.681709,
COSJ100113+022534,4,Yes,31.96,0.6279,0.000355,0.025909,Yes,128.47,1.4009,0.001427,0.028046,Yes,250.81,2.4286,0.002787,0.045822,Yes,403.93,2.8233,0.004488,0.063327,
COSJ100114+020211,4,Yes,4424.64,34.1725,0.049163,0.430604,Yes,6464.08,49.5375,0.071823,0.581095,Yes,11395.37,38.1768,0.126615,0.771615,Yes,10969.51,50.0458,0.121883,0.909266,
COSJ100114+022340,4,Yes,458.59,1.0002,0.005095,0.046324,Yes,687.06,1.2032,0.007634,0.052227,Yes,759.21,1.2497,0.008436,0.053615,Yes,471.7,0.6316,0.005241,0.033612,
COSJ100114+023042,4,Yes,4077.67,32.1018,0.045307,0.378788,Yes,5977.38,46.5377,0.066415,0.56129,Yes,9217.66,42.1546,0.102418,0.760323,Yes,4569.45,15.2077,0.050772,0.345287,
COSJ100115+020015,4,Yes,885.47,2.1575,0.009839,0.062032,Yes,1250.66,2.0211,0.013896,0.07357,Yes,1455.02,1.5463,0.016167,0.071969,Yes,947.32,1.4021,0.010526,0.054854,
COSJ100115+022423,4,Yes,3056.4,1.7564,0.03396,0.095167,Yes,3389.43,1.1562,0.03766,0.102351,Yes,2495.66,0.9132,0.02773,0.069947,Yes,1404.38,0.8436,0.015604,0.047372,
COSJ100115+023131,4,Yes,241.12,1.2088,0.002679,0.039255,Yes,414.42,1.0483,0.004605,0.039568,Yes,510.58,0.9453,0.005673,0.041268,Yes,341.74,0.6241,0.003797,0.025346,
COSJ100116+020041,4,Yes,7613.95,55.1639,0.084599,0.661258,Yes,11019.75,74.1803,0.122442,0.933933,Yes,13200.88,43.8741,0.146676,0.881479,Yes,8137.25,18.1596,0.090414,0.503657,
COSJ100116+020221,4,Yes,1345.96,12.0594,0.014955,0.138165,Yes,2186.01,17.3421,0.024289,0.215092,Yes,5099.63,18.1782,0.056663,0.391289,Yes,4633.2,9.0328,0.05148,0.299995,
COSJ100116+022235,4,Yes,218.36,1.8887,0.002426,0.039353,Yes,287.51,4.9035,0.003195,0.056541,Yes,795.76,5.691,0.008842,0.09455,Yes,1093.18,6.4117,0.012146,0.124783,
COSJ100116+022354,4,Yes,571.71,9.8658,0.006352,0.091972,Yes,1078.86,16.7313,0.011987,0.155794,Yes,1659.81,13.2814,0.018442,0.209889,Yes,2140.75,13.2158,0.023786,0.246598,
COSJ100116+022409,4,Yes,15.25,0.6983,0.000169,0.032398,Yes,261.25,2.7262,0.002903,0.035641,Yes,341.36,4.2866,0.003793,0.057245,Yes,544.52,4.1933,0.00605,0.075759,
COSJ100117+022524,4,Yes,414.45,1.0868,0.004605,0.041651,Yes,494.07,1.265,0.00549,0.043011,Yes,608.27,1.483,0.006759,0.048531,Yes,391.05,0.672,0.004345,0.03003,
COSJ100118+014923,4,Yes,426.52,3.1489,0.004739,0.055898,Yes,430.45,3.1935,0.004783,0.057169,Yes,566.08,2.4939,0.00629,0.054551,Yes,536.91,2.0045,0.005966,0.050749,
COSJ100119+014658,4,Yes,178.79,1.288,0.001987,0.043328,Yes,126.74,1.74,0.001408,0.038375,Yes,228.42,6.3586,0.002538,0.046389,Yes,225.17,5.5438,0.002502,0.051534,
COSJ100119+014849,4,Yes,447.1,1.8312,0.004968,0.045004,Yes,773.07,2.4249,0.00859,0.057211,Yes,2634.47,5.017,0.029272,0.177106,Yes,3163.23,5.0116,0.035147,0.211929,
COSJ100119+015027,4,Yes,210.7,2.5755,0.002341,0.040573,Yes,464.33,5.2425,0.005159,0.063831,Yes,1179.15,8.4155,0.013102,0.147418,Yes,1665.91,9.288,0.01851,0.195676,
COSJ100120+015011,4,Yes,766.45,6.8976,0.008516,0.097153,Yes,963.59,7.7853,0.010707,0.112182,Yes,1679.17,7.5829,0.018657,0.148944,Yes,1327.59,3.9063,0.014751,0.100004,
COSJ100120+015538,4,Yes,208.49,0.9423,0.002317,0.038151,Yes,141.91,0.9682,0.001577,0.032627,Yes,204.93,0.7758,0.002277,0.024295,Yes,204.24,0.6332,0.002269,0.023697,
COSJ100120+015834,4,Yes,299.95,1.5592,0.003333,0.035802,Yes,500.61,1.5471,0.005562,0.035309,Yes,925.19,1.7958,0.01028,0.064472,Yes,1342.23,6.2633,0.014914,0.154182,
COSJ100120+021646,4,Yes,11299.96,22.1684,0.125555,0.562831,Yes,15589.33,35.9638,0.173215,0.838452,Yes,19732.87,41.1714,0.219254,1.022369,Yes,11592.48,18.2621,0.128805,0.535865,
COSJ100120+022426,4,Yes,208.65,1.0327,0.002318,0.033771,Yes,306.11,1.2794,0.003401,0.037135,Yes,590.75,1.6059,0.006564,0.047342,Yes,471.07,1.05,0.005234,0.041785,
COSJ100120+022435,4,Yes,51.79,0.3986,0.000575,0.0258,Yes,142.94,0.7243,0.001588,0.025421,Yes,391.51,1.6914,0.00435,0.033828,Yes,505.76,2.9139,0.00562,0.058105,
COSJ100121+020944,4,Yes,3127.77,26.2072,0.034753,0.302315,Yes,4399.6,40.2999,0.048884,0.454898,Yes,6297.76,40.9282,0.069975,0.655335,Yes,4468.19,25.9154,0.049647,0.476922,
COSJ100121+022213,4,Yes,42.94,0.4998,0.000477,0.022571,Yes,81.72,0.6504,0.000908,0.021308,Yes,132.4,0.7769,0.001471,0.021614,Yes,169.99,0.7769,0.001889,0.025435,
COSJ100121+022740,4,Yes,5153.82,56.6456,0.057265,0.590702,Yes,7057.94,74.7937,0.078422,0.825569,Yes,8522.74,45.2407,0.094697,0.842176,Yes,4572.74,17.7646,0.050808,0.396416,
COSJ100122+015013,4,Yes,127.48,0.6674,0.001416,0.031035,Yes,150.17,0.874,0.001669,0.030432,Yes,371.92,1.0201,0.004132,0.038254,Yes,569.54,1.5683,0.006328,0.056666,
COSJ100122+022132,4,Yes,705.38,1.0202,0.007838,0.043428,Yes,976.53,2.9288,0.01085,0.058022,Yes,1206.09,5.0827,0.013401,0.088738,Yes,1131.94,5.7012,0.012577,0.115487,
COSJ100122+022144,4,Yes,108.27,0.8566,0.001203,0.025799,Yes,200.8,1.6958,0.002231,0.029891,Yes,375.93,2.9212,0.004177,0.050767,Yes,457.66,3.5486,0.005085,0.072185,
COSJ100123+015608,4,Yes,152.81,1.3456,0.001698,0.036996,Yes,174.79,1.3679,0.001942,0.033581,Yes,309.45,1.124,0.003438,0.029452,Yes,348.83,0.9237,0.003876,0.030665,
COSJ100123+022005,4,Yes,263.99,0.6746,0.002933,0.039763,Yes,434.24,0.76,0.004825,0.03645,Yes,1493.7,1.4695,0.016597,0.052355,Yes,2178.78,3.4641,0.024209,0.099161,
COSJ100124+021640,4,Yes,617.52,14.3492,0.006861,0.153214,Yes,1079.95,20.5567,0.011999,0.220977,Yes,1638.05,20.3807,0.018201,0.292175,Yes,868.82,7.0468,0.009654,0.129848,
COSJ100124+022027,4,Yes,925.42,2.6311,0.010282,0.072661,Yes,1037.05,2.9534,0.011523,0.080768,Yes,1586.9,3.4643,0.017632,0.109916,Yes,1184.15,1.8973,0.013157,0.074352,
COSJ100124+022319,4,Yes,1314.79,2.3601,0.014609,0.090337,Yes,2007.54,3.1048,0.022306,0.114432,Yes,2685.59,2.9426,0.02984,0.147014,Yes,2293.41,4.2528,0.025482,0.148923,
COSJ100125+020326,4,Yes,1008.69,19.2551,0.011208,0.147697,Yes,1363.26,21.7449,0.015147,0.170197,Yes,1974.02,13.8217,0.021934,0.214986,Yes,1665.9,6.7934,0.01851,0.150564,
COSJ100127+022709,4,Yes,3147.9,15.5485,0.034977,0.243879,Yes,3939.56,19.6212,0.043773,0.307065,Yes,3455.61,10.5392,0.038396,0.240459,Yes,2131.54,4.3731,0.023684,0.130456,
COSJ100128+021853,4,Yes,63.12,0.5993,0.000701,0.035439,Yes,69.33,0.7583,0.00077,0.031527,Yes,165.61,1.2386,0.00184,0.031612,Yes,232.9,1.8137,0.002588,0.042961,
COSJ100128+021951,4,Yes,989.39,46.9975,0.010993,0.230732,Yes,1152.44,34.08,0.012805,0.228011,Yes,1943.12,7.1962,0.02159,0.177738,Yes,2199.78,5.9752,0.024442,0.164926,
COSJ100128+022502,4,Yes,1967.61,9.2868,0.021862,0.177924,Yes,2428.82,12.3466,0.026987,0.228632,Yes,2246.76,8.9888,0.024964,0.19947,Yes,1520.83,5.3211,0.016898,0.138248,
COSJ100128+022544,4,Yes,165.65,1.3842,0.001841,0.037884,Yes,247.11,1.6902,0.002746,0.034487,Yes,414.9,1.6609,0.00461,0.037198,Yes,534.05,1.8748,0.005934,0.055509,
COSJ100129+020455,4,Yes,252.42,2.3438,0.002805,0.038176,Yes,326.31,1.59,0.003626,0.037775,Yes,594.39,3.1147,0.006604,0.058296,Yes,572.7,3.0645,0.006363,0.061333,
COSJ100130+021315,4,Yes,339.53,0.7344,0.003773,0.043775,Yes,10.55,0.2635,0.000117,0.022276,Yes,798.96,2.5036,0.008877,0.073468,Yes,-6.9,0.0747,-7.7e-05,0.006591,
COSJ100130+021921,4,Yes,647.2,1.5455,0.007191,0.063748,Yes,823.24,2.4483,0.009147,0.077209,Yes,1584.83,3.8617,0.017609,0.125426,Yes,1333.52,2.3028,0.014817,0.098186,
COSJ100130+021936,4,Yes,1278.33,8.1853,0.014204,0.140775,Yes,1972.51,15.6787,0.021917,0.242645,Yes,4513.17,26.6758,0.050146,0.55542,Yes,3079.35,14.5209,0.034215,0.371611,
COSJ100130+022214,4,Yes,8406.21,82.2447,0.093402,1.035977,Yes,11083.72,101.6115,0.123152,1.362097,Yes,9460.06,52.1788,0.105112,1.027515,Yes,5322.14,24.688,0.059135,0.548748,
COSJ100131+015748,4,Yes,210.13,0.7583,0.002335,0.040206,Yes,346.19,1.548,0.003847,0.03981,Yes,589.63,2.1995,0.006551,0.050682,Yes,703.22,1.5114,0.007814,0.051532,
COSJ100131+022056,4,Yes,249.72,16.1663,0.002775,0.091687,Yes,303.07,18.6413,0.003367,0.101939,Yes,280.46,2.9555,0.003116,0.041359,Yes,247.67,1.8809,0.002752,0.030695,
COSJ100131+022553,4,Yes,805.6,4.0482,0.008951,0.073661,Yes,1171.73,6.0004,0.013019,0.101482,Yes,2425.94,9.0161,0.026955,0.191216,Yes,1933.48,6.8901,0.021483,0.155266,
COSJ100132+020533,4,Yes,2188.42,29.574,0.024316,0.292632,Yes,2918.97,30.7854,0.032433,0.366745,Yes,5137.6,33.7206,0.057084,0.524934,Yes,3897.46,19.0838,0.043305,0.362939,
COSJ100132+022652,4,Yes,1424.24,10.6374,0.015825,0.147878,Yes,2117.72,17.9372,0.02353,0.243372,Yes,4141.2,25.8154,0.046013,0.449087,Yes,2546.66,11.6204,0.028296,0.247528,
COSJ100132+022807,4,Yes,3391.07,35.315,0.037679,0.427257,Yes,4589.01,49.4891,0.050989,0.588071,Yes,4965.66,30.737,0.055174,0.571688,Yes,2661.07,12.1421,0.029567,0.267299,
COSJ100133+022036,4,Yes,648.42,1.4187,0.007205,0.041652,Yes,1133.5,1.7154,0.012594,0.049608,Yes,2502.24,2.2999,0.027803,0.086927,Yes,3055.55,4.2508,0.033951,0.126401,
COSJ100134+022028,4,Yes,1075.17,2.6766,0.011946,0.075117,Yes,1498.79,2.8997,0.016653,0.086141,Yes,1904.4,1.5892,0.02116,0.086234,Yes,1589.54,2.0399,0.017662,0.083451,
COSJ100134+022037,4,Yes,1240.01,7.2917,0.013778,0.099301,Yes,2267.72,13.3177,0.025197,0.168635,Yes,5318.3,19.9089,0.059092,0.332287,Yes,6138.61,12.8978,0.068207,0.314921,
COSJ100134+022039,4,Yes,942.83,2.159,0.010476,0.05072,Yes,1762.18,2.9053,0.01958,0.074359,Yes,4151.38,6.6034,0.046126,0.163815,Yes,5602.6,7.9737,0.062251,0.234093,
COSJ100135+022033,4,Yes,161.82,1.8777,0.001798,0.03769,Yes,389.71,4.3424,0.00433,0.048682,Yes,850.51,4.7016,0.00945,0.074445,Yes,1070.77,5.3739,0.011897,0.096562,
COSJ100138+022126,4,Yes,4456.2,38.3309,0.049513,0.424594,Yes,6493.55,53.4147,0.072151,0.62745,Yes,8906.08,48.6605,0.098956,0.786303,Yes,6418.92,24.8096,0.071321,0.505053,
COSJ100138+022225,4,Yes,49.98,0.856,0.000555,0.03272,Yes,156.98,0.9716,0.001744,0.030409,Yes,163.79,0.7181,0.00182,0.022412,Yes,172.68,0.6573,0.001919,0.022199,
COSJ100138+023003,4,Yes,-102.31,0.2393,-0.001137,0.034564,Yes,-86.62,0.2549,-0.000962,0.028177,Yes,55.29,0.3976,0.000614,0.017087,Yes,154.21,0.5623,0.001713,0.026787,
COSJ100138+023041,4,Yes,1934.13,11.822,0.02149,0.175652,Yes,2973.71,18.8276,0.033041,0.271587,Yes,5730.31,26.6266,0.06367,0.482552,Yes,4114.17,14.5827,0.045713,0.320553,
COSJ100140+020632,4,Yes,7955.1,36.0569,0.08839,0.588614,Yes,11217.14,54.8993,0.124635,0.880939,Yes,13258.02,43.8964,0.147311,0.965556,Yes,7568.95,19.5356,0.084099,0.510758,
COSJ100141+022159,4,Yes,2323.27,6.4307,0.025814,0.176627,Yes,2961.53,10.3712,0.032906,0.250398,Yes,3368.91,9.2986,0.037432,0.289228,Yes,2631.24,5.4973,0.029236,0.211707,
COSJ100141+022738,4,Yes,-3.39,0.9212,-3.8e-05,0.032925,Yes,151.36,1.7004,0.001682,0.032661,Yes,458.1,7.4273,0.00509,0.089993,Yes,897.88,12.4546,0.009976,0.185558,
COSJ100143+020435,4,Yes,151.35,0.9929,0.001682,0.044002,Yes,235.42,1.2074,0.002616,0.045643,Yes,371.31,0.9494,0.004126,0.036691,Yes,160.24,0.4634,0.00178,0.02114,
COSJ100143+021020,4,Yes,113.83,0.45,0.001265,0.025004,Yes,173.23,0.5205,0.001925,0.02185,Yes,223.76,0.4381,0.002486,0.017203,Yes,245.45,0.4806,0.002727,0.019006,
COSJ100144+020921,4,Yes,349.82,2.0013,0.003887,0.061703,Yes,558.16,2.6871,0.006202,0.076316,Yes,692.88,2.3685,0.007699,0.07819,Yes,327.72,1.0442,0.003641,0.040875,
COSJ100144+022826,4,Yes,319.17,7.643,0.003546,0.072103,Yes,688.42,12.6497,0.007649,0.117203,Yes,1763.81,13.6379,0.019598,0.210607,Yes,2043.75,11.0093,0.022708,0.220372,
COSJ100145+022949,4,Yes,36.08,0.6144,0.000401,0.037497,Yes,36.52,1.1151,0.000406,0.034485,Yes,466.91,12.9101,0.005188,0.079487,Yes,501.99,10.4332,0.005578,0.069046,
COSJ100146+022109,4,Yes,430.89,3.2197,0.004788,0.058659,Yes,814.88,4.1887,0.009054,0.076657,Yes,1156.12,7.7534,0.012846,0.151781,Yes,1163.35,6.9302,0.012926,0.155149,
COSJ100148+022724,4,Yes,1727.41,13.1399,0.019193,0.19421,Yes,2190.19,15.0383,0.024335,0.240089,Yes,2033.31,10.0454,0.022592,0.207166,Yes,1565.55,6.1719,0.017395,0.141263,
COSJ100149+022734,4,Yes,1109.18,8.5723,0.012324,0.117484,Yes,1926.95,13.4071,0.021411,0.190303,Yes,3494.59,20.7172,0.038829,0.362329,Yes,3579.28,16.9271,0.03977,0.351278,
COSJ100151+022105,4,Yes,460.16,16.4837,0.005113,0.104948,Yes,639.31,16.0404,0.007103,0.127799,Yes,877.98,5.7285,0.009755,0.105166,Yes,995.68,6.6283,0.011063,0.135477,
COSJ100151+022347,4,Yes,-61.37,0.2651,-0.000682,0.031359,Yes,4.66,0.2274,5.2e-05,0.025199,Yes,162.12,0.3868,0.001801,0.015701,Yes,291.78,0.9157,0.003242,0.030218,
COSJ100151+022625,4,Yes,2435.31,13.123,0.027059,0.20023,Yes,3552.06,21.3709,0.039467,0.313949,Yes,6953.46,27.4555,0.077261,0.564268,Yes,6001.03,20.1065,0.066678,0.462091,
COSJ100152+022504,4,Yes,-54.29,0.5457,-0.000603,0.02338,Yes,15.8,0.5985,0.000176,0.020891,Yes,470.62,1.0649,0.005229,0.027974,Yes,629.09,1.7423,0.00699,0.050846,
COSJ100152+022856,4,Yes,761.22,6.2082,0.008458,0.086475,Yes,914.86,8.4526,0.010165,0.112594,Yes,1406.97,7.4728,0.015633,0.144686,Yes,959.51,3.2856,0.010661,0.082732,
COSJ100155+021506,4,Yes,888.26,48.1307,0.00987,0.294883,Yes,1130.33,40.4414,0.012559,0.280549,Yes,1924.23,24.1078,0.02138,0.301903,Yes,1966.64,21.6574,0.021852,0.330623,
COSJ100157+021407,4,Yes,1045.15,13.1715,0.011613,0.156061,Yes,1727.0,19.6061,0.019189,0.227062,Yes,2941.52,25.3988,0.032684,0.396708,Yes,1934.05,12.3824,0.021489,0.24374,
COSJ100158+022406,4,Yes,119.31,0.3507,0.001326,0.026824,Yes,96.1,0.4517,0.001068,0.023148,Yes,136.84,0.3455,0.00152,0.016055,Yes,177.41,0.3166,0.001971,0.017137,
COSJ100202+021902,4,Yes,583.81,9.1599,0.006487,0.098943,Yes,898.01,13.3763,0.009978,0.142745,Yes,1680.39,13.9333,0.018671,0.219008,Yes,1692.09,10.7823,0.018801,0.201918,
COSJ100205+021910,4,Yes,716.5,1.4877,0.007961,0.059075,Yes,1065.19,1.9023,0.011835,0.068166,Yes,1331.58,2.7508,0.014795,0.089353,Yes,975.0,2.5074,0.010833,0.07037,
COSJ100206+022349,4,Yes,74.64,0.23,0.000829,0.026248,Yes,104.43,0.4223,0.00116,0.022629,Yes,289.08,1.1518,0.003212,0.02903,Yes,379.0,2.3898,0.004211,0.053654,
