name,n_components,max_sep_arcsec,lens_reff_arcsec,lens_axis_ratio,arc_length_arcsec,arc_width_arcsec,arc_length_to_width,bg_rms_F115W,sb_peak_F115W,total_flux_F115W,bg_rms_F150W,sb_peak_F150W,total_flux_F150W,bg_rms_F277W,sb_peak_F277W,total_flux_F277W,bg_rms_F444W,sb_peak_F444W,total_flux_F444W,color_F115W_F444W,color_F115W_F277W,color_F150W_F444W,color_F277W_F444W,theta_E,lens_redshift,source_redshift
PRISM_lens_BR_000006,6,3.4571863819064546,0.8216050123647409,0.8690631648134962,0.24284037313694085,0.20258009767715693,1.1987375656415418,0.028703283863680592,12.8839111328125,1433.7941888528876,0.025838437518811343,12.328521728515625,1872.3574212845415,0.025143236641523084,15.099236488342285,1925.1774882879108,0.014516717742409115,20.846139907836914,2915.264402930392,0.7704778345143697,0.31995989706827443,0.4807229831555483,0.4505179374460952,0.3,0.458908745977763,1.3929462321404555
PRISM_lens_BR_000007,4,3.5110709920144885,0.9659893468885234,0.7523573639811609,0.1556198697779054,0.10783497667342574,1.4431298135223272,0.032952708453363136,27.590190887451172,5375.157261783723,0.026445758173466383,20.471969604492188,4592.877046641428,0.009046680148797549,27.577383041381836,5516.184290376492,0.012725926095938905,27.420215606689453,6455.544854838401,0.19885432018056837,0.028118980279792875,0.36962020936826834,0.17073533990077536,0.3606277041496431,0.4325429153480506,1.503832692549083
PRISM_lens_BR_000010,6,3.634638038153769,1.3536055307372827,0.9567564609210717,0.24307295074080434,0.057382278404186,4.236028221616804,0.023324824078420202,3.502713441848755,988.863824296277,0.02898384930994165,3.595940113067627,1046.789841733873,0.014957718656836205,10.608281135559082,3119.0523465964943,0.015543574409269144,6.555418968200684,2072.917080834508,0.8036136019954527,1.2472154354372127,0.7418060765939369,-0.4436018334417599,2.8184388692979474,0.7468345683879571,1.7951365783149786
PRISM_lens_BR_000012,3,1.941692223129348,1.1970766957686623,0.7315955166585093,0.1648090781151777,0.14432655395020433,1.1419179188054354,0.031123356973022386,2.806877613067627,722.7667640252621,0.029716494402104422,1.828465223312378,516.4340863985708,0.0071475616061238,5.2044758796691895,1410.8980154851452,0.011429250630682354,3.124128580093384,858.1736468938179,0.186442500850071,0.7262436225365542,0.551400686206859,-0.5398011216864832,0.5458334285419906,0.5441775620143061,1.4503563702490463
PRISM_lens_BR_000018,3,4.97762498795029,0.5220124801404564,0.488207675864512,0.21736837603002387,0.200416016384783,1.0845858527229364,0.031756440593437865,2.754966974258423,195.74348025210202,0.031096382126052053,1.7104917764663696,117.13238080346491,0.008629936651752547,4.448266506195068,233.77396679553203,0.01193185284832141,2.0297598838806152,204.77478923881426,0.048972954888637024,0.1927721014361444,0.6064987921940852,-0.1437991465475075,2.081366335760187,1.7063442704505842,2.1207132244533544
PRISM_lens_BR_000019,3,2.24347319284481,0.5350634858420298,0.597022916334049,0.1897438429372609,0.1692188622815168,1.1212925106516685,0.037641961802817966,1.7638107538223267,160.78656762948958,0.02146767130540101,1.2076354026794434,136.76266174740158,0.00804787333655257,2.7659850120544434,266.36708255205303,0.011009130087979394,1.8140356540679932,206.46389772882685,0.2714858941195306,0.5480769743977381,0.44719144308611647,-0.2765910802782073,2.697299537568447,1.7404376898000877,2.346207228273907
PRISM_lens_BR_000020,5,6.204256101950047,0.5293153114684224,0.789008145049316,0.6420129024098575,0.18035763509085231,3.55966578341113,0.024821954911519423,1.7132762670516968,211.05878491187468,0.02296700153938473,0.8552272319793701,139.36690362205263,0.01066292245442075,2.968719005584717,364.14314559008926,0.009242756176000311,2.440953493118286,343.1450425579678,0.5276857386413287,0.592171764850937,0.9782951943915074,-0.06448602620960805,1.7233185134134699,2.0647295426901833,2.673563578388665
PRISM_lens_BR_000022,1,0.0,0.8145967470708325,0.5961546215382845,,,,0.03054246968137654,1.5019772052764893,332.56681091495557,0.02018565743225681,3.310195207595825,691.4761894286494,0.014426713215645997,5.562047958374023,1071.593656144105,0.008736552268389399,2.1695785522460938,534.9562807411421,0.5160984622985336,1.2703780701029372,-0.27864734810151304,-0.7542796078044036,0.3,0.3364290564379037,3.7551591916850287
PRISM_lens_BR_000024,3,3.4945958825940227,0.8008970426259316,0.35743081003073623,0.8727827567032452,0.6254425887865868,1.3954642238171213,0.02919438761883672,6.539265155792236,902.9341819775291,0.022543665928180027,4.31713342666626,981.9341468766797,0.014785970963329835,8.458216667175293,1794.3630409878679,0.01467823207892615,4.0911865234375,1176.2101124927867,0.2870720367780092,0.7456355528779013,0.19600636501525437,-0.45856351609989215,0.834019326272368,2.4217564020142666,4.847703314050273
PRISM_lens_BR_000027,5,3.9542301572579737,3.739936598780074,0.30595027685397425,0.14075486797491563,0.07742091621488,1.81804704537794,0.019885830934106126,11.604750633239746,1802.00827071385,0.023004333411581947,6.299403667449951,1627.5164677319117,0.015140041799886646,14.32387638092041,3189.7230624482036,0.013726149809687779,9.884374618530273,2846.059947079979,0.4962181588268162,0.6199904963003724,0.6067966296891415,-0.12377233747355615,1.277739662250546,0.6084126215822644,3.7933241519958125
PRISM_lens_BR_000029,4,4.370355484658327,2.2796246011568266,0.2418658586948086,0.4079005906090493,0.3327106069999504,1.2259921446060482,0.033518337438658355,12.74954605102539,2601.517092477996,0.02469186414076993,10.680089950561523,2399.166962255258,0.0177649141689633,25.14440155029297,5540.480601191521,0.0172760302867492,18.981395721435547,4217.659425633028,0.5246120601661679,0.8208018874614256,0.6125275884258147,-0.29618982729525767,1.163335708176201,0.8267050764667508,4.097975029613893
PRISM_lens_BR_000030,2,2.6235498873363,1.8531830961739493,0.6290684761921458,0.36959830234898344,0.1971296849165148,1.874899270018667,0.024076370445100224,12.335980415344238,4194.775311845529,0.03010006827152859,10.304136276245117,4632.974940493121,0.014422667632954633,21.756343841552734,8863.57099158829,0.013073821846496726,9.891058921813965,5275.249662174378,0.24883578756715086,0.8122500603825806,0.14095766803061843,-0.5634142728154297,1.1137047709950771,0.9784540229542223,3.0446431499342403
PRISM_lens_BR_000031,1,0.0,1.599191105421471,0.2306157815522528,,,,0.02386499175966491,13.129150390625,3871.8867313000374,0.019410218618412238,12.810837745666504,3641.1763559788815,0.011239254228957479,18.010602951049805,5564.383642213885,0.012285630028504356,14.81317138671875,4726.421122407541,0.21652442647165554,0.3937360533106854,0.283226751322755,-0.17721162683902997,0.9896974667028627,0.9120746628324214,3.1525655061866478
PRISM_lens_BR_000034,2,2.5346845547736168,0.4392197750589696,0.6994946615454443,0.6151557772536375,0.3711126395257517,1.6575985610184303,0.030270625380952237,1.979264736175537,132.1253151469864,0.0252961607297667,1.8574934005737305,136.79287755000405,0.010971887087983415,4.774500370025635,301.1722368267365,0.01191710870422732,2.396287202835083,202.1851202158723,0.46190788597796817,0.8945722457426658,0.42421426301510906,-0.43266435976469775,0.9641715171316065,0.32064420384327236,3.153986719326135
PRISM_lens_BR_000037,3,5.164738588813127,2.3963507945881632,0.4928564670067366,0.17101242980473033,0.06592472180164581,2.594056146634524,0.03266749202293762,1.3812247514724731,2251.630905558355,0.027653174462454556,1.0973528623580933,1860.7204960221425,0.021795582446911592,1.927146315574646,3231.435260329861,0.02479318622439548,1.461881399154663,3021.794701995328,0.3194193858453962,0.39224564612726526,0.5264595349420451,-0.07282626028186909,3.0763563154514495,0.9104752838023864,1.7469339754919984
PRISM_lens_BR_000038,1,0.0,2.762396411772385,0.23708346342600128,,,,0.03356342287165401,5.275049686431885,4554.304892709944,0.021710987492425084,7.55451774597168,5035.270225641318,0.01927746281840732,11.264056205749512,8860.163424178958,0.02834993002220457,18.155431747436523,14997.74319351837,1.29400952837109,0.7225490772404125,1.1850078257322263,0.5714604511306773,1.8789905282779353,1.0868035986994895,4.936938143602503
PRISM_lens_BR_000040,3,2.7460062902007922,0.838413382706124,0.6453984048351964,0.6430949542945946,0.5307739730790284,1.2116173492155058,0.029703036012189526,3.8046696186065674,1192.67272109841,0.027540026707646915,3.972594976425171,1250.5817623971961,0.007298253819555368,7.174338340759277,2192.8748953798786,0.014275083696492772,3.265976905822754,1174.1157365276013,-0.017025943162253074,0.6612314237847996,-0.06850295515082916,-0.6782573669470527,0.7805570544532097,1.672450441646541,5.49108611631095
PRISM_lens_BR_000041,3,4.615833173482087,0.8102700780508324,0.5030386899866682,0.7322772390046943,0.3889376416252203,1.8827625835976953,0.022568581284448993,5.852799415588379,1461.4247523148078,0.038563635223556714,6.416211128234863,1855.5877210552571,0.01187051027346412,9.526552200317383,2782.3768693003803,0.012119496211019522,5.866973876953125,1756.9066217900254,0.1999305523288565,0.699098738732087,-0.05933202577602492,-0.4991681864032306,0.7162280023815589,1.6374445472025057,5.346823376965033
PRISM_lens_BR_000046,2,1.6797416448637146,1.3539226109212086,0.8349641793653847,0.10556229001267775,0.07612003446682675,1.3867872072323089,0.02568372432815988,0.5461459159851074,333.8784547544783,0.027036701612622244,0.7732123136520386,459.52750360337086,0.012354071332583138,1.8112479448318481,1047.6686164145358,0.010314482522662372,2.791033983230591,1885.8911459259689,1.8798205667511894,1.2415888492243832,1.5330127792199286,0.6382317175268062,2.635946667123016,1.0653097639928857,3.6590632276420045
PRISM_lens_BR_000050,7,4.433253222252022,0.9263103101832287,0.7921041160206266,0.5166524153870647,0.5062743734606239,1.0204988489847946,0.03707763689294515,5.084774494171143,1266.844621265307,0.03456101482334244,4.523696422576904,1117.501212861389,0.02864782578324669,6.02929162979126,1582.0654117241502,0.014501214384854489,8.790018081665039,2365.2523361500353,0.6778853206440871,0.24125270981798042,0.8140736923692589,0.4366326108261067,0.3,1.0032978052135388,3.004010693644982
PRISM_lens_BR_000051,3,2.804451764517586,1.0014427299005,0.671700054107393,0.10328826040786328,0.04824763130009503,2.140794431242054,0.022632943184502617,4.541751861572266,1116.2670499531087,0.019520577032017646,4.576898097991943,1286.8039892690722,0.011784194322880262,8.915506362915039,3852.987599540502,0.013852937151866255,4.514104843139648,2012.6233272049576,0.6399859916352367,1.3450737647128677,0.48562525861453,-0.7050877730776308,0.3535332554245096,1.062245737997207,2.825088010700582
PRISM_lens_BR_000056,3,4.508221165577983,1.8796764659848657,0.8397506690770477,0.14787524871200003,0.09467484667204681,1.5619275225682607,0.024872129364327332,4.215043544769287,1855.8088398772052,0.019571154554532216,3.3985469341278076,1774.158734505938,0.017540052436478493,14.095748901367188,7243.96124647744,0.01388856848654385,8.190406799316406,4684.271549150813,1.0052720606732815,1.4786071979553381,1.0541239741761137,-0.47333513728205684,0.7158235677085495,0.5121471827871029,2.310514979325392
PRISM_lens_BR_000057,1,0.0,1.4744757152450867,0.5709861566070145,,,,0.025502502016480928,7.009669303894043,4339.919568171725,0.027144151262333906,5.670919895172119,3584.537837882468,0.013594283843949414,23.291234970092773,12882.233415773138,0.010639207819300788,8.710010528564453,5686.073205905734,0.29332691489911816,1.18127370790629,0.5009481941471473,-0.8879467930071722,0.6002168305735109,0.4873316273686163,2.360959144723954
PRISM_lens_BR_000059,2,2.346769757772633,0.5618005155989365,0.7956414316110736,0.5090166644262749,0.37156285633364294,1.3699342002291155,0.029516548287361968,1.650327444076538,228.70671785599552,0.02169817687887793,2.192455768585205,307.90034015104175,0.010714464890399483,3.373406171798706,442.76115942839533,0.01139057894872828,3.5097126960754395,452.13747106678784,0.739978948550913,0.717226486513018,0.4171508304008621,0.02275246203789508,1.2131279647725084,0.7470623828860729,1.9182550175209954
PRISM_lens_BR_000061,4,3.98491033247739,2.3413276188550487,0.314857233296623,0.12772726047671235,0.0414643419937468,3.0804120922978777,0.024782586497939702,7.759125709533691,839.4872064446099,0.02012529919069858,10.754742622375488,1177.598582903389,0.010836931716577236,17.237594604492188,1761.3341999677941,0.012364116906534208,8.195806503295898,850.6879899618216,0.01439054867615383,0.8045692147867023,-0.35306743226829135,-0.7901786661105487,1.7774849128728105,0.9861967651878193,4.830577531288988
PRISM_lens_BR_000065,2,3.538942298082657,1.3606672302914908,0.4562914889538113,0.3686689746556001,0.3101259973298221,1.1887715890632573,0.03615402547408244,5.058690547943115,762.8346951130079,0.0179201289393678,3.684008836746216,521.7420471014921,0.013656068151257326,7.176324844360352,1287.4550110716373,0.01180503975409008,2.4952762126922607,902.9737077765167,0.18311166913605897,0.568254061574865,0.5955481678313029,-0.3851423924388062,0.559620835990483,0.3661894473641515,2.0928084310253423
PRISM_lens_BR_000067,6,4.441595409324014,1.4078881206219824,0.31833490330941155,0.29162842693164526,0.18263516880997435,1.5967813254799499,0.023332904255097688,8.763848304748535,1286.0982378486078,0.028223436400225003,5.968942642211914,1077.4984213800635,0.011417702313712488,12.012661933898926,2287.7187416458037,0.012014785472072671,7.185939311981201,1239.2615310729016,-0.0402779364106272,0.6253212171979526,0.15186581514723216,-0.6655991536085799,0.5367894644406707,0.7142949267488377,3.430983177151606
PRISM_lens_BR_000068,2,1.8124991750971424,0.7909326424926522,0.6782967617088099,0.16253082539526464,0.06856054669061673,2.370617406665294,0.030643521265243997,2.181990623474121,386.824315132224,0.02330867784638923,1.3962147235870361,287.753889227286,0.008332897073792749,3.114419937133789,514.6879178953823,0.010941958793565909,1.886559009552002,426.72026298067067,0.10657375174396316,0.3100755204348577,0.4278051595265727,-0.20350176869089454,0.3716468690534059,1.6863173061197494,5.176843965755418
PRISM_lens_BR_000071,2,1.9383614284475013,0.8732281471869013,0.4387852381619815,0.10353693620752323,0.06659695937032581,1.5546796308189574,0.03753903183469102,2.2488136291503906,826.9525068651419,0.028343766287495284,3.397862672805786,1212.0837606152054,0.007038132786992845,5.674384593963623,2176.7308720313013,0.008994001860747494,2.972134590148926,1191.8107205582783,0.39681679896686173,1.0508104217934071,-0.018313362416531573,-0.6539936228265454,2.6784778673780556,3.1517582989328905,3.6849785395308783
PRISM_lens_BR_000072,5,6.004696288399255,1.4204674073297108,0.29989230843651954,0.25276348088840844,0.15762201183329858,1.6036052195281691,0.025695002130931652,4.516398906707764,1277.175747262314,0.021217221366648158,6.983720779418945,1929.1292931246571,0.030546524548344448,14.338730812072754,3633.0964025631547,0.012517552086577571,13.681955337524414,3981.4942273464985,1.2344885685401328,1.1350656471170248,0.786711886769917,0.09942292142310799,1.218818811450594,1.3296509476474514,4.623630873828778
PRISM_lens_BR_000075,1,0.0,1.0546487541180194,0.6771880425002931,,,,0.025824925189297382,2.771766424179077,1096.8192539219745,0.023995919278537968,2.7223808765411377,1131.2063410962,0.010555636631017926,3.1659979820251465,1190.12584411446,0.009348704248073233,3.154813528060913,1454.3490698821843,0.3063339797769714,0.08864455149987702,0.27281706640674114,0.21768942827709448,3.1824273267563745,1.5000916423418644,2.4187259657236004
PRISM_lens_BR_000076,2,1.8516214904025865,1.2860913750247445,0.7907141818067593,0.1088135492621202,0.0330336880294241,3.2940175848726514,0.02860898279432296,1.7941561937332153,1168.3837470882572,0.020982332177752985,1.1831806898117065,795.6443775031948,0.00799458553235316,2.106466054916382,1395.948983025737,0.009675074332464503,1.530487060546875,1098.9977656393312,-0.06647174396123655,0.1932100990197563,0.35069452830779807,-0.2596818429809928,1.95983979428517,0.4240276457469151,1.762699939422422
PRISM_lens_BR_000078,6,5.2642196635984275,1.3583960060872116,0.9958849446688105,0.5617390000735134,0.19962500258568272,2.8139711599122195,0.039855010778453395,14.902345657348633,3769.4842060972005,0.02663622926322757,7.189176082611084,1912.580222130753,0.018432219176276587,13.531603813171387,3898.8550944607705,0.01959201570519443,13.571574211120605,3938.5141983088106,0.04762621862633921,0.036637916092210815,0.7842818874596079,0.010988302534128382,1.7138250147164498,0.5390918995062359,3.6671167885422786
PRISM_lens_BR_000079,6,4.7268621388111765,2.0507667518725996,0.5546522447357178,0.10505763530210627,0.07742040105921769,1.3569761182423905,0.05181905748675158,9.716667175292969,4693.336006641388,0.03624784956262666,7.429880142211914,3704.136449640617,0.02770363698102496,11.607281684875488,5922.110885813832,0.03645910600422119,7.547830581665039,4129.674114309251,-0.13891466501617145,0.25248721853879014,0.1180720124983557,-0.3914018835549616,2.1375716595083833,0.5370443498428051,3.5528434619833207
PRISM_lens_BR_000081,2,2.480933780620197,1.0710241314289806,0.7080650776516456,0.17495605675702855,0.14132823757348026,1.2379412618519658,0.029432905374004885,8.4660005569458,1534.2497865200276,0.019382468800928733,7.013559818267822,1290.0130569717148,0.008454686983841962,12.732966423034668,2323.303632378578,0.01502882278223121,9.734313011169434,2184.2176945190877,0.38349962377436275,0.45052474973975,0.5717545374210717,-0.0670251259653871,0.617741794153832,1.6333925178160347,1.9762630918736352
PRISM_lens_BR_000085,3,3.7008456192704777,0.7023609391816881,0.36393665446396933,0.7799252645829308,0.2692467603634118,2.8966932175162974,0.02154421382837068,1.4226700067520142,154.1833574413322,0.030457483242207595,0.861571729183197,150.8226912729442,0.010610041868308325,1.5427616834640503,221.55365815432742,0.011827869006551823,0.9728183746337891,175.4294302612543,0.1401623861264793,0.3936035668626217,0.1640894171939984,-0.25344118073614236,0.8975085073152129,0.3255554784086822,3.3598629688860937
PRISM_lens_BR_000086,5,3.912132769479367,0.8985680518969312,0.6002846127493621,0.28482736553259114,0.2280345967623109,1.2490532997038055,0.029260652478881218,6.797704696655273,846.1411550978664,0.018844695512927095,4.636022090911865,738.928979318589,0.011073178796379396,11.666324615478516,1465.9666766519658,0.010334958677543304,11.455458641052246,1660.861693882849,0.732226624040172,0.5967031982638782,0.8793269239724419,0.13552342577629378,1.6785714320305307,1.1867743707067673,3.539891008725145
PRISM_lens_BR_000087,4,4.618032700600994,0.8498018844302463,0.7222651467060098,0.18561448564327995,0.16807796344024215,1.1043356418896204,0.032206342596712685,3.683785915374756,832.2440746338107,0.01949501452957258,2.9143877029418945,720.9709936613217,0.01708301015548594,5.632126331329346,1449.5208989549428,0.012913362585108406,3.616008758544922,1055.699469617568,0.2582239789808298,0.6024344238736038,0.41405627742802426,-0.34421044489277397,1.753957123138897,1.2265028228431651,3.518233839275144
PRISM_lens_BR_000089,1,0.0,1.314201711528192,0.6962733996066915,,,,0.03245002681288607,3.3141982555389404,918.0563410030445,0.01984648900055396,5.387730121612549,1531.2304563377984,0.010241094502743082,9.537631034851074,2827.713253198657,0.008407392579422957,4.249462127685547,1525.0824247146957,0.5510599540268619,1.2214150817963634,-0.004368106136118962,-0.6703551277695012,0.8258456654733911,2.37397049476369,3.7953825444026115
PRISM_lens_BR_000090,3,1.3557632590143027,0.5389000310486891,0.7425011778346511,0.14715267577487695,0.05275604527360842,2.7893045244710772,0.023472035715749937,2.1412556171417236,173.47162593784742,0.026399720687369364,1.9926868677139282,162.05594046227634,0.02878463190920433,3.865574598312378,280.7103750698734,0.012656272801110348,3.117187261581421,279.78617014037445,0.51899448586412,0.52257503839585,0.5929032198293486,-0.003580552531730094,2.312972439894301,0.6929815290707994,4.589904819076199
PRISM_lens_BR_000091,4,2.5989632207158166,0.9581097860916266,0.65010791246979,0.12133440346461782,0.08299728591970042,1.4619080867536853,0.02911187733959847,2.649045467376709,418.4559209868312,0.02657237160311648,2.5626816749572754,455.251433334779,0.0104347597590794,6.778764724731445,864.5697929416783,0.013132204750933968,3.816931962966919,404.8893734938465,-0.03578334668232964,0.7878758509667074,-0.12728735790172063,-0.8236591976490371,2.532758269281518,0.6698013665994297,4.745551235718201
PRISM_lens_BR_000093,4,1.625450829866274,0.9589253662608661,0.8742370353319413,0.12960420273330547,0.060398388246542485,2.145822206451423,0.029113572449060012,8.819652557373047,1338.9084113982972,0.03042170197453289,6.646801471710205,1179.2233521953458,0.009970215863988057,20.177669525146484,2834.787824610248,0.009063443482816635,7.9937005043029785,1584.4721393128857,0.18283434303663068,0.8144242221845193,0.3207213404910974,-0.6315898791478886,0.33937090298031725,1.5500070761504807,1.897802772071015
PRISM_lens_GR_000063,2,1.5642914187265653,1.2657256088568591,0.361848733472009,0.3986954363736302,0.14909624981056424,2.674080916724577,0.03545841468709122,8.65994930267334,593.4075880837627,0.023057154764514518,7.522684097290039,904.3887044887524,0.011293765231663576,9.28820514678955,1552.5429247929715,0.011714944564230004,7.586156845092773,1084.3174317253288,0.6545083604270721,1.0442263023506668,0.19700327532044237,-0.3897179419235947,0.7464050752816712,0.8748962540622797,3.6708146287043477
PRISM_lens_GR_000064,1,0.0,0.9957448410702933,0.5010767572823367,,,,0.02307094860789257,2.6708128452301025,311.6834995560348,0.032488801356110895,2.912667989730835,303.7160461668973,0.00835580558275476,4.9888834953308105,678.5556874410249,0.010593572820247435,4.910181045532227,551.5081237191334,0.6195952563421707,0.844679208798039,0.6477104411745853,-0.22508395245586826,0.4538035637964909,0.3402344923760217,1.8409181722440657
PRISM_lens_GR_000070,3,5.532228589957354,1.1054040932526565,0.6168552525100036,0.31700716575173227,0.30918695234294385,1.0252928312450726,0.03127988356636483,1.2662791013717651,1292.7805076004588,0.025144149271283295,1.2413594722747803,1271.2339512285253,0.047983983980882244,3.675611972808838,2525.5880492925644,0.011375639725596267,2.463743209838867,1189.4218603428453,-0.090472197791612,0.7270942965892033,-0.0722239176704744,-0.8175664943808153,3.6840579282859824,3.1812474231582697,3.7186112642844127
PRISM_lens_GR_000094,2,1.956308946356829,1.8164587342963807,0.28281767535138214,0.08514419011778487,0.047314021134708534,1.7995551440316062,0.02355573359524462,3.124516010284424,1116.5122111265082,0.01963188008106913,3.343902587890625,1290.552784013562,0.009407729606175917,5.2004523277282715,1314.0544368808623,0.013676199752521972,9.87043571472168,3125.531157106161,1.1176508882812715,0.17687469929360794,0.9603701513396773,0.9407761889876634,2.8045203028909356,1.2001065913249482,4.807078643000405
PRISM_lens_GR_epoch00_000000,2,2.122798808106842,1.2615403646240673,0.7527926861729654,0.1024521736043434,0.0714604048896691,1.433691479393713,0.03493715817103675,15.372533798217773,2195.2350164642558,0.028745042848089333,21.04212188720703,3352.2935255039483,0.017160133092616454,28.51894187927246,8346.0502278395,0.013876324294472584,27.43978500366211,4883.39407417085,0.8681018757431047,1.4499999311729204,0.4084493339665364,-0.5818980554298157,0.8894670322152372,1.3642072043587516,1.6642072043587517
PRISM_lens_GR_epoch00_000023,1,0.0,0.747991355137912,0.9264956375992779,,,,0.02298244711488451,0.9438633918762207,175.6350588297937,0.02170890908231201,1.425923466682434,269.64899389864877,0.009721440933852472,1.7460148334503174,393.5263857729733,0.011144549642708166,1.3891907930374146,286.47605720721185,0.5311928007245816,0.8759066160045498,0.06572381651727467,-0.344713815279968,0.3,0.309910758989818,3.7510783485706822
PRISM_lens_GR_epoch00_000032,5,3.00157149031219,0.8978172616490661,0.4903713008645131,0.3458693756719399,0.2362677690946902,1.4638872538442778,0.025911096577123097,0.5069389939308167,144.10122590023093,0.019867618954570135,0.5190602540969849,157.7394044850953,0.008746222630099165,0.6661662459373474,193.5036192398984,0.011148456524523825,0.36944249272346497,117.72949312115088,-0.21945600319674088,0.3200535422300929,-0.31763730677394236,-0.5395095454268337,3.2247977407759794,0.3144945598898652,3.6234189214784553
PRISM_lens_GR_epoch00_000095,1,0.0,0.9470020223740947,0.2823700314489892,,,,0.022496988131744777,4.189977169036865,711.736058076378,0.029688600709964635,5.4717607498168945,991.3893357682391,0.009412274016675179,5.5079803466796875,946.6803833558224,0.011215449727766997,16.840181350708008,3312.960612295661,1.6697432598042672,0.30971102324890404,1.3099300741132935,1.3600322365553632,3.280841921667048,1.2040766114820713,4.713381152663846
PRISM_lens_GR_epoch00_000098,6,4.507577336267928,1.107213846292423,0.7531381772229692,0.20086089150509862,0.10074106855207222,1.9938332438996842,0.04014471975183431,2.5607054233551025,438.539256449556,0.026604357484923295,1.28195059299469,260.09317346906755,0.011521068402630412,6.716769695281982,1301.2139303348958,0.009692653983368068,2.4633820056915283,528.8442061813548,0.20329818708282998,1.1808505703063357,0.7704969927627131,-0.9775523832235057,0.6181650001853154,0.578393271997935,3.860632813147731
PRISM_lens_GR_epoch01_000000,1,0.0,1.261045329596305,0.7590233500690953,,,,0.03488264399339042,15.222230911254883,2188.6113434012514,0.028626136683720157,21.041059494018555,3340.2965389359742,0.017097640286345774,28.516164779663086,8342.077704515308,0.01383990067169593,27.45316505432129,4867.707586910576,0.8678895889576712,1.4527639626865572,0.40884864459783116,-0.5848743737288857,0.8894670322152372,1.3642072043587516,1.6642072043587517
PRISM_lens_GR_epoch01_000023,1,0.0,0.751044720581877,0.8653264361289112,,,,0.02301363802048008,1.0131518840789795,217.01373777235858,0.0217048185844107,1.4205520153045654,328.82986323721707,0.009735036359505858,2.8951733112335205,547.5267284687143,0.011147591537655393,1.3376506567001343,364.4894374636933,0.5629943006357259,1.0047952442587982,0.11178423894296867,-0.4418009436230724,0.3,0.309910758989818,3.7510783485706822
PRISM_lens_GR_epoch01_000032,7,2.9344385051880595,0.8944325860872497,0.4909879368947768,0.4004216497047119,0.2928538203617699,1.3673089502812723,0.02593063871959807,0.5029022693634033,148.9164829836227,0.01988494425522574,0.5320708155632019,162.57225797278807,0.008792960249069882,0.6476796865463257,195.7009876924567,0.011151716242278112,0.3927200436592102,120.88513823738322,-0.2264246482733141,0.2966256168816888,-0.32168381561313264,-0.5230502651550031,3.2247977407759794,0.3144945598898652,3.6234189214784553
PRISM_lens_GR_epoch01_000095,2,2.3830306626334026,0.9496942242674092,0.28557664877273414,0.14756222188779256,0.05571950717736392,2.6483045052440772,0.0223174724281184,4.225719451904297,712.3262405493588,0.02968405305491301,5.575857162475586,987.5258018204477,0.009365359123996907,5.673393726348877,938.0674875389323,0.011274116052431029,17.108427047729492,3297.5072262613103,1.6637670321067852,0.2988878522922165,1.3090932609116988,1.3648791798145687,3.280841921667048,1.2040766114820713,4.713381152663846
PRISM_lens_GR_epoch01_000098,8,4.3975413732566775,1.1255682703070031,0.7754703082083216,0.19476016729172746,0.0606988949136497,3.2086278929590635,0.04014841656028843,2.5058236122131348,442.5764624821022,0.026745618802600474,1.3055925369262695,280.49663701845566,0.011567514213208133,6.638322830200195,1412.3240486634895,0.009753944003869383,2.648850202560425,569.1095776348375,0.27301895333141696,1.2598651026883692,0.7681705894488406,-0.9868461493569525,0.6181650001853154,0.578393271997935,3.860632813147731
PRISM_lens_GR_epoch02_000000,2,2.097555834834817,1.258736753429541,0.7645501783069786,0.13926799140317617,0.035177882898097555,3.9589645518635765,0.034843476089762286,15.24035358428955,2172.8235640698113,0.028710759331695746,21.023344039916992,3328.3953484985977,0.01712891425115133,28.516849517822266,8372.117811637,0.013756643500227025,27.11386489868164,4865.972639507614,0.8753630003307986,1.4645271713764179,0.4123368905967981,-0.5891641710456194,0.8894670322152372,1.3642072043587516,1.6642072043587517
PRISM_lens_GR_epoch02_000023,3,1.2204654584567067,0.7493695128736632,0.775492431436521,0.12629231169534008,0.05533159054012142,2.2824630642736436,0.023031000279238312,1.3666706085205078,290.8476815514732,0.02175086639794599,1.7643340826034546,435.15984483622015,0.009824541529021852,4.633302688598633,795.3417183193378,0.01121552548119685,2.086324453353882,498.3334817485884,0.5846361526217201,1.0922203925142102,0.14717813513896985,-0.5075842398924904,0.3,0.309910758989818,3.7510783485706822
PRISM_lens_GR_epoch02_000032,6,2.894207220923861,0.8980414843763447,0.48866602209229154,0.3551110840744527,0.25004449210215074,1.4201915870611501,0.025998974170164817,0.5275084972381592,154.41606163047254,0.01983458512349844,0.529503345489502,165.51937607303262,0.008780836322927737,0.6752286553382874,200.93179473653436,0.011143743386261734,0.3880268335342407,126.02959385327995,-0.22054983730858252,0.2858904794892213,-0.2959407597343033,-0.5064403167978038,3.2247977407759794,0.3144945598898652,3.6234189214784553
PRISM_lens_GR_epoch02_000095,1,0.0,0.946210763667417,0.28658224114145675,,,,0.022376062101060384,4.180008888244629,716.6379183985991,0.029531488957632718,5.470836639404297,995.9129687042296,0.009390334741872787,5.596808910369873,953.2940334395971,0.011329660703038143,17.402008056640625,3314.403703117743,1.66276405475432,0.3098177280320093,1.3054600444027253,1.3529463267223107,3.280841921667048,1.2040766114820713,4.713381152663846
PRISM_lens_GR_epoch02_000098,3,3.0893675854340374,1.125059504267313,0.7668595811618787,0.09659900512106466,0.06444733161110458,1.4988829282176237,0.040137571534986496,2.5197300910949707,436.1494713369757,0.026640609375415868,1.3008928298950195,270.79041280946694,0.011488715232095856,6.6630377769470215,1370.7708485508338,0.009729264482207664,2.4751484394073486,550.7122316178866,0.2532234302680359,1.243323773875964,0.7707285954616472,-0.9901003436079281,0.6181650001853154,0.578393271997935,3.860632813147731
PRISM_lens_GR_epoch03_000000,3,4.405788109269884,1.258757943296337,0.7632189350137295,0.12156584735045012,0.07296515247421857,1.6660809061339803,0.034796778617376,15.334370613098145,2162.5224960837513,0.028679794345111295,21.053499221801758,3338.6730653210543,0.01709953679007201,28.516494750976562,8357.99270227179,0.013801197112179444,28.285873413085938,4874.582849705592,0.8824420554393895,1.4678533840213568,0.41090890672319547,-0.5854113285819674,0.8894670322152372,1.3642072043587516,1.6642072043587517
PRISM_lens_GR_epoch03_000023,3,1.6739951353943225,0.7525568354095751,0.8576214654179539,0.09346123364900737,0.06705301286796884,1.3938409275215984,0.022981783355621805,0.9818087816238403,227.5637481501326,0.021689055276120906,1.479827642440796,341.57988629397005,0.009750923042435659,3.1867270469665527,576.8872683355585,0.011140333237646271,1.4008426666259766,381.84846455883235,0.5619699257312236,1.0099696901110418,0.12099689746377547,-0.44799976437981825,0.3,0.309910758989818,3.7510783485706822
PRISM_lens_GR_epoch03_000032,7,2.905348144073523,0.881904493310459,0.4865910964571525,0.34131050442914856,0.3140358477922284,1.0868520483526631,0.026063608303694395,0.5316569805145264,162.50135096302256,0.019967473964209403,0.5287014842033386,175.73834062786773,0.008814333212370892,0.6848735809326172,206.70772313838825,0.011177345682003728,0.3690815269947052,131.89965806901455,-0.22653326539257282,0.2612493186093311,-0.3115571291230585,-0.48778258400190405,3.2247977407759794,0.3144945598898652,3.6234189214784553
PRISM_lens_GR_epoch03_000095,1,0.0,0.948358975720308,0.283473027502471,,,,0.02235732201425577,4.206928730010986,721.1773242546769,0.029578152148836603,5.470156192779541,1000.7821411852492,0.009370429231726138,5.465381622314453,955.7424949409906,0.01128934597533264,16.824983596801758,3358.6387617997825,1.6703030823778218,0.3057470837038119,1.3145593725097835,1.3645559986740097,3.280841921667048,1.2040766114820713,4.713381152663846
PRISM_lens_GR_epoch03_000098,6,4.674633695496516,1.104107556055816,0.756039526250014,0.16503885505439475,0.10134347360060894,1.6285099492919206,0.04002106230731409,2.5442535877227783,435.21984456293285,0.026623790285344392,1.2859010696411133,259.6723163378192,0.01147099806798409,6.777993679046631,1336.4378223782405,0.00973079666731062,2.654738664627075,541.2566647673957,0.23673641892779734,1.2181001713719228,0.7974440127849697,-0.9813637524441255,0.6181650001853154,0.578393271997935,3.860632813147731
PRISM_lens_SF_000001,1,0.0,1.1882229092064416,0.7408842530695741,,,,0.027268491813056236,21.647512435913086,3238.3824669891037,0.027070170238067782,23.905921936035156,3931.47122013662,0.020335344066979677,28.50098991394043,7338.430758152157,0.0117230382504325,19.750911712646484,4017.8377414941788,0.23416063620253866,0.8881876532289867,0.023593232931818312,-0.6540270170264482,0.9330170673688314,1.402054591100849,2.069870022838572
PRISM_lens_SF_000003,4,3.848628094032386,1.6351602269845653,0.9210038005998324,0.12401924212210094,0.0907193713121586,1.3670646117614722,0.022324356886572305,27.866535186767578,5771.704857611985,0.028323293855289585,26.63622283935547,4074.7713110866025,0.01367625174306723,28.14493751525879,8139.201634787256,0.013305517107554102,28.047588348388672,5866.252213886473,0.01764154062673576,0.37319423161745935,0.3956437283139793,-0.35555269099072356,1.6738873405931147,1.2543967830687608,1.5715954893920316
PRISM_lens_SF_000004,3,3.255010106110944,0.6296645013693117,0.6652416486081012,4.421846660395623,1.4335158671476063,3.0846164745941484,0.02755452066378691,2.613873243331909,1066.5512382709421,0.02826106621134344,1.4689316749572754,795.607731483411,0.011640226133011135,4.664272785186768,1807.6858247993514,0.025925588226031502,2.893350839614868,1385.7325571170077,0.28424424090884115,0.5728530704959394,0.6024510645134361,-0.28860882958709844,2.8129241226270874,0.9248955034509955,1.9661450886052347
PRISM_lens_SF_000005,3,4.2175600784137215,0.6930682426601146,0.6120979850553709,4.5878876646687745,1.7525630972948318,2.6178159700785706,0.030392346773022005,3.3022100925445557,1119.7833692419808,0.020905518305958336,2.219498634338379,876.8259240523912,0.011429453796303585,5.96336030960083,2002.6342680510134,0.013043517421341631,3.282773733139038,1459.034187274985,0.28732863747705456,0.6311690753741401,0.5528802164211691,-0.3438404378970855,2.6343400523226292,0.9264438406226755,2.240040051839135
PRISM_lens_SF_000009,6,3.8514750411230123,1.121405920836633,0.8936305099146277,0.3067932086007061,0.24107935234268602,1.2725818516577483,0.02362804488874616,2.3285977840423584,484.83150451723486,0.02099140655277647,2.2306466102600098,613.1390241154004,0.0076347624903054054,2.609346389770508,611.9460017201491,0.01024525938482254,3.7277777194976807,826.1951188109815,0.5787294803553448,0.25280567223736944,0.3238091662935142,0.32592380811797544,0.81747428523203,1.0030987953326909,5.147340175018509
PRISM_lens_SF_000011,3,2.214643449190478,2.5566565430161297,0.7529385942058083,0.14010941645660638,0.074972872371105,1.8688015014695554,0.03047385186614814,8.03740119934082,2691.5118649923243,0.02450451701388319,4.759099006652832,2228.246221366804,0.02753287310136691,11.835841178894043,6120.2877720128745,0.018285947944596825,5.000727653503418,3228.508042626083,0.19751393492468186,0.8919388605444338,0.40259673475409163,-0.694424925619752,2.30509382438522,0.7114964709881837,1.819889391090821
PRISM_lens_SF_000014,2,2.1606678691840684,1.223170817159606,0.9419019082306629,0.10856897359708922,0.09224757403052017,1.1769303934341853,0.03263336627938163,2.749685764312744,576.6610502645781,0.01671019460419203,1.6442183256149292,379.9164935692097,0.006936928758048106,5.135890960693359,863.4029768006876,0.011033045716331517,2.605595350265503,693.0230877581052,0.19956771142983581,0.438232307633577,0.6526488872510993,-0.23866459620374117,0.8891786786294561,0.40217939547129267,2.0645444058328053
PRISM_lens_SF_000015,2,2.5778423256037963,0.9864427187229955,0.8234765432500466,0.3910514561416171,0.3690735177608036,1.0595489443787658,0.03183927711283489,4.439632892608643,327.27098663221113,0.016194330049695164,4.06411600112915,336.4869423758355,0.009531088234722634,12.64719295501709,880.9753208728507,0.010815097787445091,4.581926345825195,419.8221387262456,0.27039457750269624,1.07514059189251,0.24024280246493407,-0.804746014389814,0.6544843866215075,0.38482564788427415,2.1576462942008723
PRISM_lens_SF_000016,4,1.323548677504239,0.5237546892582641,0.6306096806467029,2.864317078325816,1.9248051548899519,1.4881075474309915,0.028496598517334888,2.941457748413086,380.3333829274052,0.021385186867019415,5.068420886993408,675.3570234281942,0.01534933453478949,12.375054359436035,1210.616795802489,0.011872527071401745,4.4389214515686035,760.3178168956656,0.7520768032749675,1.257105621463028,0.1286543673399715,-0.5050288181880604,1.7361743957910787,0.8555715989799895,1.745120086599824
PRISM_lens_SF_000017,2,2.9368134516666635,2.213163603582127,0.7508974643168438,0.09404928797318865,0.07281429723876494,1.291632159338051,0.03470516985719823,1.9614354372024536,405.68846873985603,0.023486898696915684,1.5151318311691284,357.3907647074666,0.00875868262870875,6.224321365356445,1271.1297959685326,0.008677876277604068,2.156822919845581,608.4593668431044,0.4400972941325646,1.239993088531765,0.5777206385378577,-0.7998957943992003,1.782238743401892,0.9112367097450979,2.038863213735362
PRISM_lens_SF_000021,5,2.1239055106152507,0.6443787829135366,0.8825776209050185,3.1474435901929287,2.8363906745819163,1.109665046637788,0.03666281216856205,9.448038101196289,2830.118059225875,0.026376654105557593,5.627767086029053,1893.0482350366801,0.012578049808804417,12.652560234069824,3529.7496045609005,0.014389911660853518,11.093423843383789,3981.860934307566,0.3707038392042935,0.2398483640445426,0.807311020855397,0.13085547515975082,2.7384444700864154,1.9897936381706465,2.437045902616264
PRISM_lens_SF_000025,2,1.8068178610278292,1.1139403313197,0.9452624803876106,0.10463075571333902,0.042603839486911106,2.455899678841951,0.0181774514359933,4.0361409187316895,1035.8782893421594,0.023708288035255962,3.363931894302368,830.0953148603439,0.009380270344975506,5.210548400878906,1304.2099324766314,0.011281695246397735,4.878811359405518,1228.16361250286,0.18486873807548151,0.2500969310589706,0.4253206587051858,-0.0652281929834892,1.1506521750944894,2.459730101270047,4.6656794423777805
PRISM_lens_SF_000026,2,1.894104215311084,1.77615258449748,0.8847578372718545,0.11297121490597771,0.08536303843811915,1.323420733059685,0.028412683829083844,7.608017444610596,1637.1652806773782,0.02158621916872741,6.047197341918945,2512.776039101649,0.010449295812526058,7.653188705444336,3116.9257774408907,0.011858271524894473,6.769606113433838,3084.1483662901446,0.6876068402200654,0.6990848366433687,0.2224536998685225,-0.011477996423303351,1.2060812127695542,0.6206800187610143,3.9432311346766338
PRISM_lens_SF_000028,4,3.5861465153245486,1.1073595451777494,0.9580630038443884,0.10173448868331007,0.07536330977570944,1.3499206574934743,0.022168180715417304,12.05931568145752,1660.5097156998236,0.03095647948560889,9.861262321472168,1641.0176438698545,0.013898855034606772,27.857973098754883,4158.2309030876495,0.014093613407291676,25.05277442932129,3880.684565434931,0.9216673057592741,0.9966679516521705,0.9344877319956159,-0.07500064589289647,0.9741339530675196,0.8781502417858784,3.966382921418267
PRISM_lens_SF_000033,8,5.440349908248672,0.9279961706681882,0.4076503479943648,0.5213623465649978,0.2261962115857601,2.3049119298239367,0.030443661735274328,0.5655134320259094,209.58393307821825,0.021688397865413815,0.6633131504058838,255.10686532198451,0.011312647216584162,0.8313512802124023,286.8237201985903,0.009322730006652345,0.4494471848011017,196.57033957750537,-0.06959999552241267,0.34064269581527884,-0.28301039598232836,-0.41024269133769137,3.3019614910842563,0.3816220294685014,3.5836373706111693
PRISM_lens_SF_000035,1,0.0,1.2435253504258958,0.7515469429351209,,,,0.03118651896409729,2.588465929031372,482.20687977131456,0.02620212042980587,4.141472339630127,873.1945068044588,0.028883525553301162,8.18217945098877,1429.023207720369,0.009215372164767904,3.756143569946289,905.0576159069315,0.6836070624111747,1.1795146990722394,0.038913080770680834,-0.4959076366610646,0.8956410310113564,0.2591968673838564,3.152019030163032
PRISM_lens_SF_000036,4,5.2236781238722205,1.8903556357894797,0.4754628174841156,0.7721606157893175,0.22989140695064403,3.358805907674029,0.029995838633593747,1.5916252136230469,1675.7969734682702,0.02926100853522295,1.477545142173767,1605.0185430943966,0.019986019938929175,5.174424171447754,5449.927092473954,0.012015795387987704,2.4423906803131104,2703.6767478389665,0.5193334107379814,1.2804232267819455,0.5661867794360591,-0.7610898160439643,3.0538263705018047,0.9199763343817909,1.7476307112241067
PRISM_lens_SF_000039,3,4.347260356841375,1.7548387599908821,0.45830563581726225,0.3156322390216947,0.14907935539314668,2.1172095773376585,0.04360638695862345,3.044452667236328,2425.558537115343,0.02052661630768138,3.027806520462036,2623.223333171569,0.017160119869543203,11.544622421264648,8127.705891802907,0.01619813175794254,8.067352294921875,5724.752579170745,0.9323624032990958,1.312890549448876,0.8473036369354843,-0.38052814614978026,2.0690844814541056,1.1103557720887218,5.132569785877891
PRISM_lens_SF_000044,5,6.077213203599695,0.6770852736996349,0.4081505005466225,0.44302090911017555,0.1932214295623671,2.2928145708971654,0.02590758671397194,2.0703983306884766,401.1811014057603,0.019238892335147653,2.25093674659729,400.1443937192671,0.020867607762025342,7.308316230773926,1037.8210354465991,0.011649575523534711,2.0287320613861084,399.0628345217556,-0.005747958380264413,1.031955006874885,-0.0029386338203521356,-1.0377029652551497,2.8706937105377834,0.5900014190007179,3.9033741760517464
PRISM_lens_SF_000045,4,4.0577922443979855,1.529338127741989,0.1750072072413794,0.32011364419174704,0.2780294601598736,1.1513659164308487,0.028168865457217605,6.154361248016357,620.2807076389436,0.031100509481599092,4.117943286895752,497.3139377993648,0.008928572678889897,15.496257781982422,1708.059618831845,0.012505949689351927,5.224124431610107,721.589468060527,0.16425478043047098,1.0997868793507224,0.4041488870948851,-0.9355320989202515,1.8970402535797095,0.6122558844827468,4.1497586276009155
PRISM_lens_SF_000048,2,1.4401932955781471,1.3398121667317175,0.4862025904650434,0.09264033953455826,0.06855620546474081,1.3513049461613533,0.033867332398585186,9.796345710754395,1452.6564292053226,0.019492428380267487,5.380833148956299,1163.4138239342137,0.06111980269565798,20.755966186523438,3988.355250253342,0.011718685551595002,11.216597557067871,2254.054279483389,0.47700364863372413,1.0965773105802028,0.7180753753275081,-0.6195736619464788,1.4899966366101869,1.5926874343360808,3.5669035437918493
PRISM_lens_SF_000049,3,5.403808277589972,1.433121822765441,0.5883978039448783,0.19669884932117185,0.13859086928846714,1.4192771163860516,0.03177107320530614,11.836406707763672,2426.909450438805,0.025343197992405045,4.232536792755127,1361.991633024867,0.020298453722375848,28.5113582611084,7180.57952015847,0.014399712748815024,8.567985534667969,2412.5232139932923,-0.00645517970919128,1.1777648081538912,0.6207426532791376,-1.1842199878630824,1.508038154422921,1.6319096346598307,3.5490185944857853
PRISM_lens_SF_000052,2,1.0216542403045943,1.293549693928466,0.5434562157062602,0.15062595470533263,0.059869014829961556,2.515925059617844,0.025709971939902744,0.6204063296318054,376.0279623933602,0.02398997904626362,0.7880130410194397,501.6895941933617,0.011483610817935372,2.465402841567993,1291.5403556060046,0.01111590558046165,1.2056900262832642,766.7817599223927,0.773629080088874,1.3397195984109755,0.46059170052945475,-0.5660905183221016,0.913108982190973,0.6051310966721883,3.114165402550221
PRISM_lens_SF_000053,1,0.0,1.2423799594495164,0.6343511189013302,,,,0.026740581612579653,1.06044340133667,730.2867987425998,0.016884011972147662,1.1218078136444092,746.7526035711635,0.00801574906977162,1.6409603357315063,1200.0574360527098,0.008648631560731306,1.2407253980636597,857.8821016200818,0.17483539246808846,0.5392714557456,0.15062715395673376,-0.3644360632775115,1.0338391660483115,0.6509718796998568,3.259546425713825
PRISM_lens_SF_000054,2,1.3252285136665556,0.9365077873962113,0.8452365570133347,0.09835464228843688,0.05027901338269559,1.9561768553375665,0.02507224416868092,2.501185894012451,339.8087654307601,0.017602294432770126,2.1561009883880615,334.9170997076435,0.007612165361044731,3.6190552711486816,587.1857797268312,0.011843442242946133,5.69194221496582,921.716654679738,1.0834071438207076,0.5938523801215294,1.099150283086598,0.4895547636991782,0.8839401521758035,2.8858444417303777,5.236253801904718
PRISM_lens_SF_000055,1,0.0,0.9827969129264122,0.7977738070177608,,,,0.0225078302094925,2.111456871032715,397.704164048424,0.022482540333102607,1.2055332660675049,322.86254872824065,0.014392120257926145,2.7549309730529785,603.2468661256135,0.008842972175031783,2.316436529159546,652.772534343414,0.5380043371384134,0.45233734063784226,0.764360505472023,0.0856669965005711,0.9881482150268096,2.867438410049635,5.457275425681301
PRISM_lens_SF_000058,4,1.4192644291643703,0.8516288520442363,0.8564123961718632,0.22809396950666846,0.10478932671158843,2.176690858358612,0.027264573473287704,2.6299593448638916,564.7354602938285,0.027025381559116907,1.6803897619247437,377.90623227111064,0.009985494121845814,3.992685079574585,1078.7742254380137,0.009621052526417671,2.850470542907715,585.6666192058474,0.0395135330294127,0.702713757936695,0.47566604350761854,-0.6632002249072824,0.6330067014684891,0.7595119553244418,1.8388249234477017
PRISM_lens_SF_000066,2,1.4404631346098016,0.8099892310017285,0.8791267213655757,0.10320944757719663,0.0727700695610997,1.4182952991482194,0.052737087887046806,7.098127365112305,1782.9305613655597,0.02680408663971963,9.187723159790039,2118.5137659535976,0.017338513816429986,15.03017520904541,3313.1923142094165,0.013404502090737123,10.97204875946045,2972.4610482091084,0.5549543572897362,0.6727805397778895,0.367712204688247,-0.11782618248815332,0.3705916931629429,0.800638176299578,3.1921615655693687
PRISM_lens_SF_000069,1,0.0,0.6044722333081152,0.6043457132683039,,,,0.035210011235101306,1.1281344890594482,363.8979274153244,0.027001254282839733,1.175460934638977,379.5614855675958,0.008651370947997505,1.5735273361206055,513.3558992274338,0.011543176636015156,1.8452180624008179,609.3105729862582,0.559647830417046,0.3735974375399187,0.5138914411926214,0.18605039287712738,0.3517575144722176,1.6769896625993195,4.867221286846291
PRISM_lens_SF_000073,1,0.0,1.6281018228988238,0.529963343436536,,,,0.027396023968287983,7.115522384643555,2014.9536187752383,0.027586103946192802,8.935404777526855,2430.2994558496866,0.012151482457181905,17.082021713256836,4528.826656414196,0.01030015509905274,6.293545722961426,2131.170729666017,0.060882972447791533,0.8793016108376345,-0.14260386722855073,-0.8184186383898431,1.3658701900778127,1.3526498219565395,4.300717777238387
PRISM_lens_SF_000074,1,0.0,2.751793792517592,0.9375089998219633,,,,0.03378184471422737,1.9613474607467651,1606.7931502694264,0.028692305717806996,3.2483971118927,2177.883541560732,0.03599122898006331,7.817711353302002,5126.038735695183,0.02375162320248388,1.9656695127487183,2649.533193388954,0.5430234826446022,1.2595547799982885,0.21283677953555707,-0.7165312973536861,2.7940813672036775,1.48222648776724,2.4609305313492476
PRISM_lens_SF_000077,3,2.3499074849995445,2.8836027891497444,0.7550538891119376,0.16585532410669063,0.06153351108211872,2.695365845211573,0.030159318711268396,9.111947059631348,2337.7525414754637,0.02704480272601118,9.014832496643066,2877.7150899730623,0.026550619579049244,11.03608226776123,5518.274612985551,0.023150656368415175,9.516131401062012,3332.129730766639,0.38480840941575134,0.9325119280628758,0.15918526862666318,-0.5477035186471244,2.3262299946604337,0.4764899086705702,1.590222135989219
PRISM_lens_SF_000080,2,1.450052454700964,1.0462041567623461,0.9228449854896187,0.16558451514844277,0.06121854221397936,2.7048098363673754,0.025337542935990793,6.885149002075195,1588.2228609793237,0.023751594453592983,11.32438850402832,2299.900242965494,0.007972659433159779,20.81781578063965,5769.600444562966,0.008658806702121425,11.275440216064453,3562.0561409792863,0.876973292582265,1.4005857387847347,0.47497940226727464,-0.52361244620247,0.8825670249372598,1.6039247826504395,2.0682486384419994
PRISM_lens_SF_000082,5,3.4883216236885906,2.0123621088918067,0.9196329823892143,0.39793495505681964,0.3505395070342881,1.1352071508958206,0.029094632288431666,5.53700590133667,1945.6045548762195,0.03131604216144884,4.9270429611206055,1476.049370771274,0.01952168846513874,11.226629257202148,4370.235832141712,0.017776620727934643,7.188405990600586,2753.07608756423,0.37690909989158555,0.8786257480508817,0.6767933257698557,-0.5017166481592961,1.901385341455286,0.33867548834371985,4.3422129349624194
PRISM_lens_SF_000083,4,5.349183569081373,1.4337216106934723,0.8257887041267739,0.21025614960587974,0.06505305467229892,3.232071893703273,0.036841148484410065,12.266276359558105,1905.1300313648535,0.021425838426030203,17.29776382446289,2784.6074566366733,0.012518992954632737,26.810184478759766,4968.661119429395,0.011900006070258923,20.893903732299805,4074.1653226222843,0.8252850622518295,1.0407868856618065,0.4131866654615102,-0.21550182340997703,1.6349234898091765,0.26419467014065123,4.209222404879159
PRISM_lens_SF_000084,1,0.0,1.0517290211083015,0.5937657585243785,,,,0.03035724080450041,5.637125492095947,259.2193853726494,0.026700721316946185,5.8461785316467285,326.01932684564963,0.006941611529535337,14.148114204406738,615.6223500138149,0.01072520828271819,5.126719951629639,366.79685927927494,0.37689532949904303,0.939117254640111,0.12795565493306563,-0.5622219251410682,0.6959319596582749,0.27408522715284334,3.4744258687186527
PRISM_lens_SF_000088,2,2.6361244648370694,0.9177625932805207,0.6178039679720788,0.488573387495149,0.4405466291977966,1.1090162882072339,0.035687291049850585,5.171414375305176,1010.4393520713784,0.02261663021431859,5.355186462402344,1090.7092174680438,0.024983450028217617,8.164809226989746,1634.044580515474,0.008930793819387843,4.416435241699219,1033.835885191802,0.024853377685742813,0.5218841230529165,-0.058143451396535525,-0.4970307453671736,0.9293682785509974,2.3212934220539805,3.9132194839789824
PRISM_lens_SF_000092,4,2.808927709929704,0.764501227759989,0.8608061626637624,0.09916909228137528,0.0673817445056067,1.47175014551788,0.035208600863267624,20.525625228881836,1773.8605591277592,0.038409560919068636,19.05272102355957,1777.2307454606052,0.011127974898809515,28.043041229248047,3950.8732471754774,0.011028825914988712,27.67618751525879,3605.17542554345,0.7700173113750304,0.869434048141403,0.7679564607220335,-0.09941673676637253,0.3,1.6215762377759764,2.2061809946088595
PRISM_lens_SF_000097,6,4.891468178309744,2.2405181154361733,0.5131453980939583,0.11011190963163517,0.0739976931474728,1.488045166653898,0.03031774615225795,2.122483491897583,1713.0276567512192,0.03189469177581773,1.7987799644470215,1866.5169278737158,0.019145236827300485,3.468397855758667,3270.9999566907063,0.013305412531274546,2.8664534091949463,2351.4971642203163,0.34395021165088857,0.7022904092214777,0.25078131587308605,-0.3583401975705891,1.809917523676388,2.165674961456127,2.6021349874680233
PRISM_lens_SF_000099,2,1.4456613140127283,1.0322354224606793,0.9432003460077882,0.11984828484409786,0.08223390520222397,1.4574071917097358,0.029841231733077837,2.8774683475494385,1360.9584026956,0.030628711322930862,2.3247978687286377,1343.2939072919544,0.0074661057157033245,3.437528371810913,1767.9976794319227,0.01491743970421098,4.690317153930664,2510.9382051629946,0.664977933564145,0.28409209832227283,0.6791624494945292,0.38088583524187225,0.6639451116133828,0.5549057349142373,3.80602384458271
PRISM_lens_SF_epoch00_000002,3,3.7536244740673177,1.4684775822238836,0.7081181135205856,0.2594256902629351,0.201665633986574,1.2864149688499058,0.04002613625365049,0.839526891708374,374.59997430443764,0.024572816724224105,0.6006771922111511,268.95394441718236,0.010722354536545941,1.800668478012085,748.611347541213,0.010278151781084781,0.8547722697257996,406.1711543058045,0.08785333485583918,0.751721656668925,0.44757789815729565,-0.6638683218130857,1.5262796514563648,1.246855466313974,1.7076459687944234
PRISM_lens_SF_epoch00_000008,1,0.0,1.3099421934746553,0.790154828714004,,,,0.026690396188602604,0.9313967823982239,204.63469310120854,0.025902463038858153,1.6396235227584839,359.18328497139737,0.008930471466918888,2.646566390991211,601.901462353766,0.011458297508056312,1.9796240329742432,448.43795939162374,0.8518077578972498,1.171365334937646,0.240965624016241,-0.3195575770403962,1.159745272199838,0.9583687842348753,5.049897756351957
PRISM_lens_SF_epoch00_000013,5,4.5217939974847985,1.1183139208048516,0.8179018997189892,0.19263365522851306,0.055053460022843656,3.4990290373862503,0.024010095397221033,2.7998499870300293,462.91386803472415,0.02155391134663524,1.8215428590774536,378.7486089381855,0.00924071849868564,5.302558898925781,827.2419361863285,0.013826049090015408,2.00179123878479,541.3646911196411,0.1699743379510722,0.6303308769867781,0.3878472009150624,-0.4603565390357059,0.5686527792673146,0.5344184884002601,1.5036986416871536
PRISM_lens_SF_epoch00_000042,3,1.9137099645344868,2.1460790974493675,0.8739878893434104,0.13010766643935565,0.08081761359611639,1.6098924559881813,0.030534059202736358,9.210466384887695,1271.875577437575,0.03409718567353024,8.711437225341797,1399.4943929280853,0.009262128799159464,11.863690376281738,1632.4979993542656,0.009101954755727868,7.667268753051758,1453.900434433017,0.1452250956042577,0.2710200740931392,0.04140875878316548,-0.12579497848888133,1.491886772730815,1.8262089423556207,4.285972947118341
PRISM_lens_SF_epoch00_000043,3,0.6814117685814509,0.5157567712006481,0.860383018143522,2.5330191414904566,2.1563523240786844,1.174677770977294,0.026754812400481137,3.487213134765625,870.6703674488235,0.016477247009446194,3.0495734214782715,850.7947343410924,0.009358657856116928,3.489301919937134,901.1108686579391,0.012876783236366453,2.684812545776367,912.7173767923377,0.05120638770051411,0.03731116016390696,0.07627881397678175,0.013895227536607128,1.487190574486713,1.7386546976730037,4.518816767060631
PRISM_lens_SF_epoch00_000047,5,4.921376854699563,0.7835598266263999,0.9224043375670817,0.1263552407750356,0.1060871754787895,1.1910510408517605,0.02706679095418139,2.378035545349121,721.0261270214105,0.02010428809883541,1.0586241483688354,419.89933949219994,0.04751344905052422,5.309568881988525,1648.5358943091705,0.011271570918156813,10.933501243591309,3327.291795836296,1.6603497177888884,0.8978685140491247,2.2473642441976667,0.7624812037397639,2.103260788402624,1.106031556690824,3.533360928014277
PRISM_lens_SF_epoch00_000060,4,4.174353311870433,1.509738045966055,0.7334082998260322,0.35608310751353606,0.17098232945593284,2.082572559670905,0.029164233786568267,6.759669303894043,1593.2474488234147,0.024978614068582455,5.634912490844727,1512.7341968161054,0.021521908022653344,9.084417343139648,2847.5742604825646,0.00963592792995346,1.812773585319519,866.93986540474,-0.6607356442806949,0.6304795672717531,-0.6044341265628896,-1.2912152115524478,1.5719873452548487,0.9550326799449657,5.050785777529265
PRISM_lens_SF_epoch00_000062,7,4.161161461258399,1.021095296082796,0.6708137881233484,0.5733459611293696,0.5257636802952038,1.0905012700904892,0.022867148759451592,2.62565016746521,426.1280026489403,0.029611863996881243,2.2395286560058594,365.9278562150721,0.00876123089217722,4.669602394104004,742.860215766821,0.008869014813069072,2.912590265274048,532.6079125343822,0.24216884919949058,0.6034175642069785,0.4075303568972794,-0.3612487150074879,0.902694610533877,0.8785717166811932,3.461457116786275
PRISM_lens_SF_epoch00_000096,4,2.0911850092663293,1.1678748445076326,0.7760505429465008,0.4783526249156532,0.15144061543768278,3.1586812001070705,0.0316947615990558,8.446227073669434,1040.1877795299515,0.024365425491330875,5.47016716003418,808.7768911230378,0.012773909897127416,11.923352241516113,1585.5602582138963,0.008839171200473577,3.1251449584960938,565.6227187858894,-0.6614622555867665,0.4576775113250726,-0.38825472207242995,-1.119139766911839,1.577287898780242,2.153606207935172,2.761159019327836
PRISM_lens_SF_epoch01_000002,2,2.260655243556442,1.47027456633383,0.7035486688132951,0.23506334973944665,0.20868403803655874,1.1264079033120233,0.04009439855675567,0.8298975229263306,368.79667552234605,0.024565466636309336,0.596338152885437,277.14017209853046,0.010731672412691257,1.7240211963653564,746.5723006185144,0.01031948975595168,0.868796706199646,409.11372020095587,0.11264261729230673,0.7657121879101283,0.4228614052428179,-0.6530695706178216,1.5262796514563648,1.246855466313974,1.7076459687944234
PRISM_lens_SF_epoch01_000008,3,2.4169894851915537,1.3450573755094775,0.7799553849591332,0.15055805302101896,0.042402972562384185,3.550648549450505,0.026843530576986303,0.9190658926963806,221.78712703566998,0.02598975151935408,1.6505078077316284,381.15036383800907,0.008943169169701044,2.7229576110839844,634.5804413587321,0.011420247841167129,2.0337681770324707,469.0234232279472,0.8131454921856498,1.1413758679638855,0.22524548358029872,-0.3282303757782356,1.159745272199838,0.9583687842348753,5.049897756351957
PRISM_lens_SF_epoch01_000013,11,4.856738175793934,1.0930722759470521,0.8703878841801223,0.3417271190659977,0.23157907259774382,1.4756390343594759,0.023967414919625746,3.2416067123413086,518.0054424931295,0.021560964259967758,2.146205186843872,421.49829055927694,0.009201414952621308,6.141784191131592,936.7796068955213,0.013743645180084236,2.4922189712524414,601.8275424190797,0.162844341115618,0.6432577627668856,0.3866906039030674,-0.48041342165126744,0.5686527792673146,0.5344184884002601,1.5036986416871536
PRISM_lens_SF_epoch01_000042,4,1.9488885858809346,2.1324741635845292,0.874524482519209,0.17705614871574543,0.10067513305720086,1.7586880030756649,0.030399229522587768,9.226191520690918,1261.6343346524518,0.03406218078659553,7.974089622497559,1303.5836375653744,0.009320568533709583,9.033102035522461,1470.9933226895519,0.0090633126769809,6.894751071929932,1307.661897053942,0.03890492448863393,0.16669300443492924,0.0033914218488330637,-0.12778807994629512,1.491886772730815,1.8262089423556207,4.285972947118341
PRISM_lens_SF_epoch01_000043,4,0.9308894229653172,0.5117082292500555,0.8766053951571172,2.529140985340962,2.1596406262800736,1.1710934470136096,0.02678239671167267,4.307051658630371,1068.1027698979851,0.01647489983319945,3.10092830657959,863.1430913821096,0.009467757709521197,4.2458271980285645,1085.766916744411,0.012950526528939639,3.2497785091400146,1101.8794242357835,0.033802580239436254,0.017808908187570017,0.2651281865812308,0.015993672051866352,1.487190574486713,1.7386546976730037,4.518816767060631
PRISM_lens_SF_epoch01_000047,6,4.904246913940774,0.8093842614538318,0.921923261651014,0.26810323764639654,0.10515592907877895,2.549577945771783,0.027177977004649922,2.237644910812378,754.662498405436,0.020195108450922847,0.9711959958076477,445.7980974308448,0.04733043833290336,5.364158630371094,1680.7695457865484,0.01144148701243912,10.415753364562988,3343.1320803412236,1.6160019149429685,0.8693885033800408,2.1875383108706146,0.7466134115629277,2.103260788402624,1.106031556690824,3.533360928014277
PRISM_lens_SF_epoch01_000060,2,1.9248552614344803,1.4178549982259,0.7331493293834492,0.3292064150578855,0.15778370338475886,2.086441172287031,0.02868987498712831,6.293740272521973,1404.953827551566,0.024763230218342664,5.839035511016846,1345.991262502037,0.02104979454104411,8.821429252624512,2319.9456220325083,0.009455232376942423,1.5839056968688965,745.8587539454456,-0.6875136512865,0.5445393840789573,-0.640964123457187,-1.2320530353654573,1.5719873452548487,0.9550326799449657,5.050785777529265
PRISM_lens_SF_epoch01_000062,4,5.250500475963931,1.0494185358722161,0.7079476682704313,0.595939384180275,0.5328081182218165,1.1184878078981821,0.02292429845595543,2.616103172302246,448.1534699064214,0.029604011292398816,2.299868106842041,382.25149417307694,0.00877962904054936,4.743803977966309,774.7278039834928,0.008883594266312906,3.020742654800415,555.586235428229,0.23331178560141674,0.5943059478584943,0.4060057148079277,-0.3609941622570777,0.902694610533877,0.8785717166811932,3.461457116786275
PRISM_lens_SF_epoch01_000096,4,2.700571206839012,1.4288255653010236,0.8250441286262338,0.5436617191858116,0.1786088345127562,3.0438680184489053,0.03193384268019922,8.485530853271484,1215.7893153468613,0.024560684627820836,5.473875522613525,1039.4248965964653,0.012850838483288298,12.079105377197266,1964.873779324349,0.008951705916461805,3.2925145626068115,774.8632236273261,-0.4890831834446496,0.5211908369326174,-0.3189201648827941,-1.010274020377267,1.577287898780242,2.153606207935172,2.761159019327836
PRISM_lens_SF_epoch02_000002,4,3.113061534996114,1.4825208576492912,0.7119033569766823,0.28160284885998915,0.1726463024153913,1.6310969011224212,0.03996768816619867,0.9239357709884644,368.9734417493455,0.024689691386856196,0.5469824075698853,276.0705488077365,0.010673254551604516,1.7368381023406982,748.1532064583153,0.010375581953111864,0.843476414680481,406.9666789099574,0.10640936193613781,0.7674885857087982,0.42134693370880727,-0.6610792237726604,1.5262796514563648,1.246855466313974,1.7076459687944234
PRISM_lens_SF_epoch02_000008,2,1.212969253726048,1.2765039663156137,0.795189612154338,0.11852829083390508,0.08012124186499327,1.4793616283884972,0.026752987588863793,0.9071468114852905,193.06046591111226,0.025844145133217,1.6048849821090698,342.9191708252765,0.008960295604231177,2.8403847217559814,574.1580393323675,0.011467920484446692,1.8063558340072632,428.937671053689,0.8667520987257613,1.1833452505970918,0.24300606121980411,-0.3165931518713306,1.159745272199838,0.9583687842348753,5.049897756351957
PRISM_lens_SF_epoch02_000013,10,4.612861693101593,1.1210181361938898,0.7941246402432427,0.14520110715508247,0.10967140021880886,1.3239651072694172,0.023931829654462184,2.4004125595092773,413.95578954718076,0.02151528746876186,1.5717602968215942,340.9024139866233,0.009185085971478404,4.386816501617432,744.6716635972261,0.01375790631739156,1.767891764640808,504.01364657469094,0.21372083625832672,0.6375271682979199,0.42453054731456086,-0.42380633203959306,0.5686527792673146,0.5344184884002601,1.5036986416871536
PRISM_lens_SF_epoch02_000042,5,2.1450252833201855,2.115075110855641,0.8761198385270208,0.18045839260568716,0.127491037821073,1.415459436913135,0.030473874091619824,8.32054615020752,1163.538649821363,0.03417704668881033,7.158438682556152,1175.9917647771072,0.00931656392855439,7.842426300048828,1348.1758026853204,0.009061243896696373,6.364525318145752,1178.086887046229,0.013491269942038614,0.15991428510662548,0.0019326038234317288,-0.14642301516458672,1.491886772730815,1.8262089423556207,4.285972947118341
PRISM_lens_SF_epoch02_000043,5,1.058632211497884,0.5299031597985792,0.8468599676031544,2.5296062317522248,2.1621664740772712,1.1699405490189012,0.02676122934641063,4.373823165893555,1079.884459624358,0.016489144921434083,3.103158712387085,869.5696805854677,0.00952208958328449,5.48699951171875,1315.5196512583643,0.013036264130695058,3.9547410011291504,1326.397875436116,0.22324131547551543,0.2143001214657504,0.4584235721030549,0.008941194009764918,1.487190574486713,1.7386546976730037,4.518816767060631
PRISM_lens_SF_epoch02_000047,6,4.914174847978445,0.7895220045044284,0.9215823046158085,0.23264033874413836,0.10804874610599198,2.153105400371111,0.027055876657375744,2.3097736835479736,739.0660171192139,0.02024010453333776,0.995658814907074,436.9836845220998,0.047435051872849375,5.446094036102295,1669.269540682435,0.0113684366865972,10.74282169342041,3346.711300116498,1.6398375414772843,0.8846080883301406,2.2103825697498634,0.7552294531471436,2.103260788402624,1.106031556690824,3.533360928014277
PRISM_lens_SF_epoch02_000060,2,1.9187312721562655,1.4598017909899559,0.737327086125704,0.3387388813888001,0.1611408482926693,2.1021291930496195,0.0289782492663756,6.861203670501709,1583.1354580214247,0.024831979891052288,5.890957832336426,1388.8972881981172,0.021173966290860612,8.353856086730957,2338.5889814365655,0.009614087010663849,1.5037764310836792,797.2770365751348,-0.7447720511492053,0.4235895576736665,-0.6026521859276893,-1.1683616088228717,1.5719873452548487,0.9550326799449657,5.050785777529265
PRISM_lens_SF_epoch02_000062,3,3.4302446297852818,1.1114879616293365,0.7983871565858655,0.5767834020505688,0.5243120408859483,1.100076590032069,0.02285947785618615,2.5699033737182617,475.41863110801205,0.029578856006835116,2.257709503173828,425.5092974881409,0.008790805029652963,4.696201801300049,869.6470247479156,0.008914845171089905,2.841036081314087,598.7596785589121,0.2504408733504193,0.6556670456375081,0.37085873148717946,-0.40522617228708874,0.902694610533877,0.8785717166811932,3.461457116786275
PRISM_lens_SF_epoch02_000096,2,1.907585848320589,1.3389791700632638,0.8137459382580269,0.5300803174893172,0.17001765016740747,3.117795811007709,0.0318266023152755,8.430952072143555,1144.2019265773706,0.024566252244647754,5.48027229309082,942.1128547573462,0.012830815386348272,11.97062873840332,1794.618739218451,0.008879575000585567,3.175083875656128,685.6233916995116,-0.5560426212748014,0.48867380902886526,-0.3450432585923852,-1.0447164303036667,1.577287898780242,2.153606207935172,2.761159019327836
PRISM_lens_SF_epoch03_000002,2,2.2627355129271534,1.475281236348403,0.7083141917034436,0.2724127986988308,0.2323923727929249,1.1722105825803775,0.03985099158650279,0.8699988722801208,363.7168868239969,0.024798905098694934,0.5771119594573975,270.822262075264,0.010711156490438732,1.7628222703933716,747.5797957275063,0.010288262661940542,0.8171143531799316,409.7637000698596,0.1294250439037386,0.7822352259000125,0.4496228036348759,-0.6528101819962738,1.5262796514563648,1.246855466313974,1.7076459687944234
PRISM_lens_SF_epoch03_000008,3,2.4293741897780095,1.2407560140272371,0.8111793052297174,0.1322346879546917,0.04631252879036063,2.855268140361506,0.026768733830866524,0.9143326282501221,183.97662459895946,0.02592185715065042,1.6341323852539062,326.4654325977899,0.009022044899828987,2.6512415409088135,545.8342029564083,0.011438801504988069,1.8221163749694824,411.01593532180414,0.8727400335249689,1.18074524806473,0.25005364188398116,-0.30800521453976115,1.159745272199838,0.9583687842348753,5.049897756351957
PRISM_lens_SF_epoch03_000013,8,4.742697971452926,1.132489808462515,0.7584671847456914,0.14288704955656972,0.08690162027530907,1.644239187990923,0.024013837010625916,1.9747565984725952,369.0167204416357,0.02163889923312418,1.3894262313842773,309.5390636723023,0.009223341654265397,3.6332242488861084,667.5572339938954,0.013833183046967148,1.5365692377090454,466.733156546019,0.25505652315514954,0.643606154175834,0.4458829738464968,-0.3885496310206845,0.5686527792673146,0.5344184884002601,1.5036986416871536
PRISM_lens_SF_epoch03_000042,4,1.919995795491337,2.155807955495714,0.8713749568192599,0.1668106880202557,0.06314080930973238,2.641883907473829,0.03035420749788944,9.202669143676758,1263.969041647797,0.03419282952181506,8.646925926208496,1396.5018960443558,0.009278879435042346,13.385153770446777,1793.2623432537075,0.009160289793748408,8.563286781311035,1614.443081290694,0.2657157531162211,0.37976847976495853,0.15745302119833357,-0.1140527266487374,1.491886772730815,1.8262089423556207,4.285972947118341
PRISM_lens_SF_epoch03_000043,3,0.8411398224942198,0.5142896022269087,0.8782075029213897,2.5312812173585315,2.155966244053623,1.1740820267200685,0.026732381128426658,2.697702169418335,717.2830197997391,0.016446883438527512,2.489025354385376,698.0837538539199,0.009356107300405665,3.0796594619750977,744.4982637530193,0.012916435887299389,2.2099568843841553,753.8106549899094,0.053929304774317684,0.04043284835307714,0.08338685206877253,0.013496456421240487,1.487190574486713,1.7386546976730037,4.518816767060631
PRISM_lens_SF_epoch03_000047,5,4.9063852019648415,0.7884822786429986,0.9262940127441112,0.20912828136871825,0.09714721140343095,2.152694640922369,0.026999588878093485,2.3349807262420654,731.7466922817985,0.020283665916060005,1.0102465152740479,429.08704385580495,0.04723674461130752,5.575242519378662,1652.61835753778,0.011400415217015855,10.822691917419434,3331.1024335406255,1.6455680494104379,0.8845295117251535,2.225106465953489,0.7610385376852845,2.103260788402624,1.106031556690824,3.533360928014277
PRISM_lens_SF_epoch03_000060,2,1.9221583644862457,1.481972654928284,0.7378723133120648,0.35308628920963303,0.16768905139456947,2.105601327416583,0.028831681085146985,7.151365280151367,1650.2884141784161,0.02493646239785157,6.295802593231201,1524.0265895181801,0.02127115336366103,8.422386169433594,2575.149169520475,0.009621486629840022,1.623145580291748,835.6716870430391,-0.7388104060293786,0.48310635141498803,-0.6523921396115063,-1.2219167574443668,1.5719873452548487,0.9550326799449657,5.050785777529265
PRISM_lens_SF_epoch03_000062,6,5.1276091640718136,1.0736228995090327,0.7597765159407153,0.5639629113310769,0.5119213962755583,1.101659191106569,0.022783907279072358,2.617448329925537,451.381936533493,0.02963076242742747,2.291835069656372,399.1847602100461,0.00878900105359294,4.689483642578125,817.6445752303116,0.008875648331606242,3.123607873916626,575.2593098888174,0.2632987012671497,0.6450509606958177,0.3967242579749434,-0.381752259428668,0.902694610533877,0.8785717166811932,3.461457116786275
PRISM_lens_SF_epoch03_000096,2,1.8691057319621713,1.246793564842842,0.8027165239275499,0.5096545056788943,0.1639496473327079,3.1086038547227686,0.031794427087021265,8.40462589263916,1082.2688118314836,0.024530401202007043,5.493215084075928,863.4342092266306,0.012770628724485453,12.00936508178711,1675.2794313887134,0.008807358495673934,3.340369462966919,608.851465780288,-0.624559468685519,0.4743802824745235,-0.37929473868237834,-1.0989397511600425,1.577287898780242,2.153606207935172,2.761159019327836
