LP_zfinal,LP_mass_med_PDF,Reff_kpc,structural_type,nsersic_f277w,rearc_f277w,mag_f277w
1.3674,11.3,4.288348702700382,Elliptical,4.631766237304325,0.5094480473596633,19.284516268316175
1.252,10.89796,2.0341674012858193,Elliptical,2.849040252336077,0.2438631933506918,20.35213289693106
0.9487,11.24431,9.577705462537239,Elliptical,4.067748746271909,0.6940762434312979,18.913986608973712
0.4589,10.65002,2.7968083220754982,Elliptical,6.011542122170085,0.368604647511821,18.68049966528465
0.94,11.14997,3.538079886291642,Elliptical,4.548282947398945,0.3904655119472439,18.963587887087645
0.7265,11.5,7.298652856922931,Elliptical,5.308150975607822,1.1755672400625068,17.9135247877513
0.5771,10.3997,11.000767717695084,Elliptical,8.852155311119548,1.1785789477805193,21.339497987249565
0.3803,11.05,3.3211335648746005,Elliptical,3.841390828639324,0.4584695534056345,18.07918121772345
0.8902,10.94986,4.728494837265775,Lenticular,3.140282376369838,0.5708816970076248,19.43535070537127
1.6894,10.79433,2.3392750173997494,Lenticular,2.079439555369267,0.2762835527805289,20.834306171922776
2.0209,11.1,0.9684300861227461,Elliptical,3.3099714503140207,0.1158246755879007,21.25335019802336
0.36,10.50001,2.690175886921171,Elliptical,4.235715067024746,0.4712688395722582,18.749588415411935
2.4486,10.39627,4.506230102929843,Spiral,0.9037952018910054,0.5558033175183338,21.100467018086775
0.6001,10.99999,3.092223715808615,Elliptical,3.067613744487735,0.3193252182342178,18.64989799714957
0.893,11.44129,5.5205621754269325,Elliptical,6.738665358659483,1.0527129625363278,18.01578354983352
0.9587,10.4234,7.780021833743345,Spiral,0.7701202240649884,0.789993410880817,19.855103484352625
0.3707,10.81851,2.7115031614986718,Elliptical,2.6198881212772935,0.4410159441365752,18.330763462803432
0.3004,10.3498,1.552244034099628,Elliptical,3.6092450697483063,0.238464543101878,19.025560294710388
0.9298,10.44511,3.857837072437399,Lenticular,1.4751709506240325,0.4122363343586317,20.54607646695152
1.1063,9.86934,3.136008359359754,Spiral,1.1957236668915074,0.3832912086049028,21.861173005659705
1.6548,9.73248,2.910466687023521,Spiral,0.7447659804198853,0.3435998007742594,21.688693731075546
1.7579,10.91728,1.9718469337401294,Elliptical,6.845479923652064,0.2332171898205124,20.976311005311473
1.0592,9.64953,3.9725796500783566,Spiral,1.096008900367299,0.4897313023359723,22.386496801825643
1.6232,10.9,2.043819889897029,Elliptical,3.5685337606689997,0.2412381271148537,20.14498848650777
0.603,9.50481,2.513663437821594,Spiral,1.5990610591621055,0.3267174057723872,21.72451930761063
2.876,10.36622,15.363931533585463,Elliptical,3.623487146929485,1.9703859442218947,22.342936707515474
0.516,9.9507,3.4929308840569995,Spiral,0.6658622454965668,0.5355167468674706,20.822144457925617
0.7425,11.15,5.600740142808197,Elliptical,4.486424963205705,0.8567425473407441,18.296914757001897
0.9704,10.29911,3.125516215574576,Spiral,1.020302293307104,0.2929609786613817,20.710918701221303
0.3602,10.75,2.6930895290886467,Elliptical,6.209208271273623,0.4468732642695444,17.885548711063883
0.7158,10.35001,1.7290657417181001,Elliptical,2.9325972262644315,0.1824158826185654,20.31683487655679
1.6661,10.36871,5.228797046601214,Irregular,0.4916781864210485,0.6173651388785885,21.248597652987584
3.1692,10.48781,3.486523648707496,Spiral,0.4735236863004873,0.4524721317853591,23.273910959050177
1.3635,9.70862,4.755942557665335,Spiral,0.7297513562292954,0.5651291593076947,21.228528054778728
1.498,10.10019,1.44628356553342,Spiral,1.0655666457130004,0.1709103003305168,21.824078741117667
0.4454,11.0443,2.970555783742205,Elliptical,3.96052260142646,0.4760784762023777,18.393561353319782
0.5127,11.09951,3.3823344974484133,Elliptical,5.831803230232977,0.4858285574827137,18.4383917591893
1.6261,9.78234,2.8274805096914415,Spiral,0.9650572331555314,0.3337394826460413,22.21712601850522
0.2099,10.03917,1.584072663036782,Elliptical,2.5356683962058635,0.3872593602605876,18.367547998424534
0.2761,9.91928,2.8533884433503207,Spiral,1.4252082290107364,0.549806301306173,19.367862926707954
1.2101,9.50013,0.5922353979744099,Lenticular,1.7168495820219087,0.0713234600468639,21.693154683670016
2.3663,10.26685,3.157466750173227,Spiral,0.6440232988023463,0.3868203024334421,22.65026931615468
0.6598,10.65002,1.6757671131975815,Elliptical,2.708231085483703,0.2058220090127417,19.35756537221351
1.5728,11.35161,3.0872484337050765,Elliptical,2.5931648375585707,0.3644246342302142,19.571584396067387
1.1901,10.46647,5.143347017738589,Spiral,0.8851745742292516,0.6209323417796095,20.209523831304892
2.1484,11.14999,1.446871280378669,Elliptical,2.899612970157339,0.1744192777410867,21.177781138958423
0.3671,10.45,2.350827103552935,Elliptical,4.055788831876897,0.2305842153791993,18.341797133833666
0.2409,11.25139,4.7884974314081195,Elliptical,3.1153451897179045,1.8261696917439736,16.883403485853716
0.86,9.81162,4.135623601516397,Elliptical,3.368401795830869,0.3608235168452533,20.3764997143603
0.9907,10.99964,4.452615389600709,Lenticular,2.4301027842593306,0.4959933527866448,19.418028447273137
1.2339,9.77354,6.015967336936398,Lenticular,2.11021414987333,0.7225711456286186,22.628498463946404
0.9449,10.41762,3.9473343570370676,Irregular,0.8268465158473872,0.3982740809306202,19.663717797093096
0.8119,10.91293,3.189457925746039,Elliptical,4.868419576245853,0.3875678978316064,18.740349406898673
1.1825,9.97272,3.301308191974583,Elliptical,2.797623226312539,0.3989405417524311,22.062986383623723
0.657,10.10017,4.551390395070606,Spiral,0.9388351653135454,0.5517126986289609,20.121894992526556
0.9442,10.8122,2.6240124486564684,Elliptical,3.65513822012784,0.2187366584509175,19.825431379277184
0.5752,9.77341,2.768669595778385,Lenticular,1.4778293778279326,0.3251188991486889,20.50948242133854
1.252,9.50925,3.497741064992816,Elliptical,2.641312101016589,0.4193215883234713,22.65338959955136
1.6746,9.91677,4.893441337863722,Spiral,0.8739831755213533,0.5778281827822779,21.305652768098653
1.169,9.79597,3.4197285276772607,Spiral,1.044774432596499,0.4139951445913551,22.127348024722735
0.9982,9.85591,4.364675051791349,Spiral,1.053702828196469,0.5337259821976954,21.87114146143857
2.0379,9.56337,2.8255396923155267,Spiral,0.7580044631365168,0.3382653492734332,22.421552103623128
0.4755,11.14065,9.070682805900935,Elliptical,2.69516828646648,1.239513736519377,17.836875232366268
1.4046,10.95,2.880503158131705,Elliptical,4.6526407609390805,0.3415178849366416,20.03444572423541
0.9301,9.85016,3.994127126478277,Spiral,0.9102925547914864,0.447752213128098,20.995293920919497
1.4066,9.65166,3.1102859676548023,Irregular,0.4659864119431708,0.3687261895221364,21.48350025058101
0.7025,9.8048,1.8416416349716949,Elliptical,3.8661164285216167,0.2510014084181875,21.39899367330713
2.1768,10.28099,4.049473207938194,Spiral,0.7256915989535069,0.489104958356498,21.916568644088287
0.3321,10.17976,3.363484613652544,Spiral,1.020578003046315,0.5946018892265336,19.04404440281026
0.9983,10.95,2.2553585985181437,Elliptical,2.4043594601481746,0.2351383108068833,19.360403272313263
1.3827,10.09147,4.1022161765407805,Spiral,1.102147190471749,0.4869122857862911,21.78689776467679
0.9196,11.45,7.801841045158216,Elliptical,8.554373635082008,0.9056457573077924,18.00980730572969
0.6159,10.19917,3.6334207527209283,Lenticular,1.303477029048601,0.5007969213820553,20.560320535186182
2.7093,11.03021,3.2715999215088027,Lenticular,1.830287838602651,0.4129812252086232,21.953842471260696
2.9269,10.77801,7.843336862170095,Spiral,0.9486392362703568,1.010882540463944,21.856446880022244
1.5602,9.62787,1.7210996364927187,Lenticular,1.7100753049529709,0.2031820530548514,22.720297362546233
0.7201,11.06475,3.8410286272624647,Elliptical,3.782425993424362,0.4723368776528897,18.58575668174527
0.899,10.30823,4.530055734300618,Spiral,1.205314189545976,0.510272776637641,20.392327041040677
1.1583,10.44935,4.183924453078484,Elliptical,6.2303872504435605,0.5072637799186318,21.18172553431903
0.5195,9.70397,4.486456089394222,Spiral,1.1161379378139742,0.724393713507955,20.718013815442415
0.9983,10.35509,2.7317265890026965,Lenticular,1.3092397152114812,0.2484918650662589,20.92270875739576
0.8767,9.80431,5.868749649200536,Irregular,0.5979962283440994,0.6606900851164733,21.394126357534645
1.1792,11.3,2.7864361510423814,Elliptical,5.033481116026622,0.3368672441346556,19.032190745289963
1.1814,10.0321,3.3706187979445676,Spiral,1.3058260412357956,0.4073746723743814,21.64723658905985
0.9505,9.8755,4.374955351727881,Irregular,0.9877772573273936,0.4823185234576198,20.708811554734048
0.6359,9.62954,3.810755369669124,Spiral,0.9813022588868864,0.4538471300840419,21.204264351017542
0.9361,9.9119,4.693983546155747,Lenticular,1.8240209787010784,0.6019172190854513,21.47094240009115
0.8,11.2,2.531819768858163,Elliptical,5.0521953509886695,0.3566307874740289,18.915622717101755
1.5263,11.06283,3.5299996210165734,Elliptical,7.893513986100691,0.416911707457205,19.892928687855584
1.3785,9.52166,3.796051463439245,Spiral,1.4746786637556826,0.4506764139245849,22.64713316984411
0.644,9.61066,5.640571868900281,Lenticular,1.8615003124259544,1.4307270394892713,22.011525490492943
0.9731,10.17532,3.958924033480777,Spiral,1.0844044345468076,0.3342684948117049,20.542586741651935
0.6409,10.05001,2.292158100713194,Lenticular,1.3870010660449763,0.2816032411364411,19.77853963306908
0.6186,10.20063,6.6519344137038185,Elliptical,8.99062714923854,0.4322370392787488,19.42765529617754
2.3876,10.23422,2.5328936417375276,Spiral,0.9452183077656224,0.3108382070294681,22.292691518262917
1.1998,9.78773,2.002745524718534,Lenticular,2.055630755501322,0.2414905802104964,21.701136741773333
1.9303,9.77955,2.8925099656778044,Spiral,1.1184993489109578,0.3443135448269006,22.601243259520693
1.661,9.79954,1.8081921162182457,Spiral,1.0309109888512369,0.2134819169498792,22.527225874309668
1.5644,10.85763,3.469513746424787,Spiral,1.3542354179160958,0.4095735812653347,20.9185761400345
0.7037,10.3381,6.025984785319572,Lenticular,1.2521637437395563,0.597040931483052,19.754273013412213
2.918,11.15,6.573076058319482,Elliptical,8.99999984966957,0.8464297485777416,21.122364087181168
1.0605,9.70474,2.965560281304431,Lenticular,1.924244819568956,0.3654948142508898,22.246815938984145
1.9378,9.95,9.705918987534535,Spiral,1.174794327972515,1.155772046435283,21.21811226920819
0.9865,11.14313,11.655295733388042,Elliptical,4.824102269836003,0.5811463510602319,18.89133178797325
0.7395,10.95,2.597886694561603,Elliptical,5.673346631206307,0.3731796761529545,18.8478006043996
1.6249,9.85952,3.417513791000102,Irregular,0.4589289165657568,0.4033817448534029,22.204173376401968
0.7763,9.56889,3.1453135395420384,Lenticular,1.3868849495642193,0.4011103159827326,21.790079140211137
0.91,11.3,5.3488151343696995,Elliptical,8.628603603865693,0.8346335333659459,18.40948138868206
3.7655,11.15698,1.761731079730475,Spiral,0.7851499351543312,0.3511981262566049,22.437538706042233
0.91,9.98279,4.368240522557918,Lenticular,1.4960744837623952,0.5078431788221006,21.36658759990853
1.1537,9.85014,3.0050054762265606,Lenticular,1.9583044278737,0.3645697877449089,21.830240343681815
0.4776,10.14587,3.7059132411995748,Lenticular,1.351174287503035,0.4786322276674014,20.001955588498625
2.1946,10.00646,4.210616263394145,Spiral,1.1111599149376488,0.509198956079449,22.683007213946656
1.8564,9.94893,2.711689368990354,Elliptical,4.430197347750479,0.3217549927752501,22.498913022007635
0.9984,9.99086,2.0107765174569168,Lenticular,1.29544319459622,0.1927549215016151,21.604877844082782
1.0087,10.82076,3.4951612478734155,Lenticular,1.7886687344820933,0.4355358608473248,20.01216859719924
0.906,11.04923,3.0680281833231686,Elliptical,3.650877109510186,0.2525347823289768,19.57958156393397
1.6469,10.84999,2.558459398802118,Spiral,1.275453682432054,0.3020227477070992,21.36866695125114
0.9202,9.87245,2.665792196009805,Spiral,1.1084614323279611,0.3174916851735238,21.4474242162429
0.6986,9.95001,1.2710400939631215,Elliptical,4.928299810822146,0.1287077904273257,21.085692018667057
0.3105,11.0,2.7732050184253487,Elliptical,5.445334159854054,0.7192554355024146,17.82723919101899
1.5961,10.21107,3.5279816183965735,Spiral,0.682191355183255,0.4164089927920517,21.642382738567537
0.2915,10.50002,8.528543042042715,Elliptical,3.909677261987578,0.4284987548851039,18.281521235851837
2.1698,10.25185,3.066968043081955,Irregular,0.3664445046230931,0.3702573564141553,21.6175800206672
1.2362,9.91813,3.262995498599694,Lenticular,1.5308384576064278,0.3918183294142893,21.616750882195028
0.6255,10.9,2.741090922150787,Elliptical,6.383303238860333,0.352895808274013,18.06309190645116
0.691,10.19949,3.438592648799411,Irregular,0.4808623058188981,0.4712882272382349,20.203277767281097
1.3221,10.02935,2.640747937716655,Spiral,1.4395956033505506,0.3146627980021182,21.617905497755725
0.9792,10.20943,1.7106681640875916,Lenticular,1.9423504885481295,0.1766086264446395,21.019757256926567
1.1678,11.05,3.3478693051476824,Elliptical,3.330714285783564,0.4053623458854871,19.731427098396765
0.3409,10.5532,2.359649177992431,Elliptical,4.202791758594445,0.5075278003710918,18.483268232625612
0.7173,11.20002,3.8717432903671827,Elliptical,3.80076851363978,0.4108863014998912,18.77834843425898
1.4144,9.65343,4.307547767378415,Spiral,1.167916173315282,0.5104779133479121,22.69590242817352
0.9949,10.34144,1.7774721472812682,Lenticular,1.7717448567602485,0.1650325511697555,20.70921311079372
0.593,10.0427,1.3550582958842983,Spiral,0.9036403073261864,0.1922831629828909,20.761571890070332
1.4411,9.76501,2.76257870565187,Irregular,0.3152789813526321,0.3270249486608521,22.082065992899302
0.8719,11.1,2.642067695131073,Elliptical,5.167729075682044,0.3005717713487008,19.08133318561963
0.9831,11.03172,1.945537734466509,Elliptical,5.190343331630322,0.2746432510576822,19.09284457742528
0.2479,10.86531,3.532993288283479,Elliptical,4.3668777607404445,0.7867761582203296,17.63453384416593
0.993,10.95037,3.567324860680633,Elliptical,7.359611801686052,0.51354968086823,19.37664783216809
1.045,9.92894,3.142186873376131,Spiral,1.1791433927478978,0.388469950713622,21.971843313193013
0.5386,10.25303,2.2944715668849227,Lenticular,2.951035280962516,0.2308108414165156,20.02694889844118
0.8707,10.43051,2.773961640962976,Elliptical,3.712779356714751,0.2588952781998918,20.46725069277015
0.9321,10.04999,3.1579292902658116,Spiral,1.0418864853207912,0.3685998540772042,21.10738990697982
1.9157,10.19926,2.0669475597040345,Lenticular,1.5429208732048847,0.245873673794235,22.11928912754171
2.5704,10.35002,4.144125220558071,Spiral,0.7683841946330365,0.5165536247513391,21.971990411664375
3.0954,10.80001,0.9360496805500045,Elliptical,4.574505934136119,0.1425579185086266,22.101278153355537
0.8973,10.89058,10.077932250742396,Elliptical,3.4216592431901645,0.8133438144004962,19.05580591688848
1.071,10.3239,2.420917970335966,Spiral,1.268176670855373,0.2977667985279588,20.79706922898677
1.4429,10.8,1.9184632429710475,Elliptical,6.063729812047168,0.2270859987772716,20.601264735617303
1.3223,10.69998,2.912262362935654,Lenticular,2.0851944759258143,0.3470104214112615,20.8610857635586
0.6695,9.51007,4.241562695172197,Lenticular,1.452931756990231,0.5399905958044818,21.557300645315493
0.3905,10.464,2.9038984798546568,Elliptical,5.614736056048337,0.4402164527523985,19.03413706030013
1.3528,9.99989,2.3994732351130725,Spiral,0.5313954039693497,0.285309165882126,22.17051610072059
2.1823,11.15063,1.9751046012742004,Spiral,1.3540976431687992,0.2386486378326638,20.827002512498105
0.2951,11.24375,5.522659002954178,Elliptical,4.4937917638727,1.1617878792386465,17.096960380633405
0.6101,10.29593,1.082632442757351,Elliptical,2.246950313589559,0.1572245140132487,20.220578675864083
0.8472,9.60119,1.2309184709823222,Spiral,1.0649461391955966,0.1424662068021993,20.821134188446973
2.5326,10.30184,3.5865207165528235,Spiral,0.655113389810356,0.4455637297498905,22.616116993703898
0.3336,9.60024,4.340031923276258,Spiral,1.254381615246374,0.7176746613096574,20.21757376526289
0.7397,10.49991,11.668447110669698,Spiral,0.9592830638176132,1.257297865326701,19.30266666086209
1.0375,9.56421,2.773688576091356,Irregular,0.481400726990444,0.343447819233895,22.397660561020103
1.4239,9.52327,2.322953088103143,Spiral,0.7625574614369856,0.275173393981921,21.90620973827988
0.34,11.19915,4.527606147251514,Elliptical,5.158868321064626,1.4225564637337615,17.172260030804203
1.9252,10.85001,1.2054147298704805,Elliptical,3.8144264555587664,0.1434534386712835,20.821959652898418
3.1384,10.59807,1.210637646627551,Lenticular,1.3503373597699817,0.2176581117736534,23.252641096576493
1.1701,9.97277,3.1480945795659583,Elliptical,2.5280641547982965,0.3810538031319295,21.740864056400422
3.7911,10.14723,2.0804604424595663,Spiral,0.9342184624189248,0.2728038793203963,22.946385748480687
0.9322,9.51623,3.313324894124499,Lenticular,1.5045724331390562,0.3610099448217576,22.35869061562159
0.9504,9.64361,3.0183073460834633,Spiral,1.3250454560424196,0.3734265018365522,22.071400448585777
0.5933,10.0,3.046241274532068,Spiral,1.121383746823572,0.3430166394041215,20.0359571238101
1.3626,11.0,3.0707056361899903,Elliptical,2.989628559332933,0.364899254222161,20.202030515060702
1.8415,10.5504,1.5144593269736244,Elliptical,5.183849679319551,0.1795957068264617,21.60576723447268
0.12,9.5378,1.1676769770894666,Spiral,0.5856947398114154,0.5325987611218163,18.457440542832728
1.2101,10.9504,3.5252362840021725,Elliptical,6.758235831245235,0.4245474858776479,20.01641765911424
0.86,9.63386,3.298601672722198,Spiral,0.769929806287199,0.3833554963506949,21.797100446443235
0.9948,10.41215,2.7197398011217957,Spiral,0.8283463267352973,0.2916429532797057,20.888682710957355
1.439,10.0382,2.4890634191310514,Spiral,0.8343931705394616,0.2946706696997387,22.01878084028695
0.3048,9.69986,3.010959152668814,Lenticular,1.5039968238217325,0.7199057497908385,20.392874793954917
0.9945,9.64651,4.802473069307701,Elliptical,3.31582744229663,0.3239791928078119,22.212349857197093
1.6444,10.4999,2.964914156879989,Elliptical,3.1615446547760726,0.349997579296758,21.553036130594
0.7993,10.38251,3.3063770643901473,Elliptical,2.182847675703949,0.326338175937174,20.017582389676296
1.1938,9.78132,3.4851360758011793,Spiral,0.8422086347307881,0.4205485289903921,22.234324391474665
1.2916,10.33711,3.0725353325536675,Spiral,0.9629453594877242,0.367001213279807,21.51316032666684
0.2301,10.60802,3.5318186292443596,Elliptical,3.958594375448554,0.7312634336258492,17.821780539283626
1.6519,10.75492,1.1846390420733148,Elliptical,2.7492151771918767,0.1398508304480931,21.103387517132767
0.4197,10.00308,1.806152115278003,Lenticular,1.4582265798453906,0.2634727287780423,20.08097400706047
0.8432,10.57448,0.9846228492982246,Elliptical,3.562267776391213,0.1066852213870967,20.269500000707076
0.4432,10.2493,1.0442804335840739,Elliptical,3.0885969634554766,0.1314052005341852,19.890454019581323
0.6208,10.54971,1.8314958229952394,Spiral,1.007893152020464,0.2169761573578019,19.143907149270664
1.35,9.62147,1.835705501231588,Lenticular,1.649240075483189,0.218313707342029,22.244175916697344
0.8138,11.14935,4.979491617873951,Elliptical,3.628113940796675,0.4574351499341352,18.88036664680156
0.3306,10.84974,5.236101613410006,Lenticular,1.0771174641799612,1.0205275321790652,18.019407828852984
2.1043,10.23135,2.9347000560395826,Lenticular,2.1749583594218764,0.3527579100497834,22.694783444627575
1.3909,10.61865,2.2150994324706152,Elliptical,3.719159562928147,0.2628063081673712,20.53086391426943
1.6154,9.88935,2.7813333888505447,Spiral,0.9692161342213884,0.3282821905314415,22.412474314805785
0.908,10.45409,4.423656039782482,Spiral,1.8007057920286067,0.3535012202985382,20.08787229561623
1.3386,9.66832,2.0315727146745215,Spiral,1.2209960502414952,0.2417910121091401,22.539403591664787
2.0425,10.08578,3.2461565438656694,Spiral,1.143519121700852,0.3887245970316419,22.8773761961653
1.7739,11.19997,3.050109977977828,Elliptical,8.999999999940028,0.3609031704199538,19.835686612725212
1.4262,9.95486,2.6206956921295936,Lenticular,1.7321161677408403,0.3104134007446887,22.101713074134572
2.7534,11.15,6.708833741978435,Elliptical,3.582223274389151,0.8503727839862506,21.028113654948775
0.8913,9.86085,2.4107938538621014,Irregular,0.3175960741576261,0.3004675457300035,21.38462836261465
0.9457,11.1525,3.3745279634044327,Elliptical,4.705268662441504,0.4278190890718487,18.810838289274074
1.4982,10.12371,3.314786349981437,Spiral,0.7694146907955426,0.3917132894707222,21.527171332160417
0.6864,10.56595,3.036715317435728,Elliptical,2.6888182935134424,0.3324795300617954,19.916287536982903
1.1903,9.67104,2.5265187800330233,Lenticular,1.5906799604459394,0.3050071305060341,22.1897455045991
1.2058,9.80066,3.0373358887179056,Spiral,1.213375494165008,0.3659757482561265,22.204309764128674
2.0754,10.03726,1.7694467053239065,Lenticular,1.8126233945588937,0.2123079184409331,22.459636257060048
0.1744,10.49425,2.109332798685713,Elliptical,2.9873313002378095,0.6301042830273765,18.83623790320822
1.522,9.79933,3.0843139605625796,Lenticular,2.0477509434779875,0.364300765965758,22.27202995430369
1.7331,9.95388,4.895418815886836,Spiral,0.916542222679828,0.5786533546558882,22.17187335030644
1.6348,10.38722,2.248458784856725,Lenticular,1.7592138186341493,0.265406113433,22.232182867198706
0.7797,11.20574,2.672882358187174,Elliptical,3.406389093724242,0.2353801341773276,18.663146378929824
0.7159,11.46923,5.121295804476397,Elliptical,3.68344186527315,0.7968207170632341,18.016653483723793
0.7237,10.32806,1.7789590477458341,Elliptical,2.506737314292664,0.2020106953734159,20.288751732721984
1.2089,11.18368,2.418265151971756,Lenticular,1.9189234134172275,0.2912751282149941,19.61198080620584
0.4735,10.4523,2.292219521740874,Lenticular,1.858825337648868,0.3241981776783633,18.67956497630099
2.1761,9.68741,4.384288822420916,Irregular,0.3000000002532684,0.5295192049914654,22.834483189238178
0.9286,9.56323,2.7143726058998183,Spiral,0.7361350678124166,0.3189775212081007,22.16154550739883
1.6618,11.1785,6.66120508926343,Elliptical,3.219186247495915,0.7864532824598888,19.708445990369217
0.8952,11.00002,3.465826989873869,Elliptical,7.097852964068606,0.5173361812540814,18.681752329789255
1.8056,10.79992,1.396952299666596,Elliptical,4.824108744951044,0.1654532388870395,21.38448601421517
0.6671,9.91124,5.106591600892537,Elliptical,2.3963575801482744,0.4673039515841888,20.04623624687776
1.356,10.00641,1.504064893234671,Spiral,1.0734870514928057,0.1788044748256159,22.07610550065929
1.327,10.8,2.5827156950173036,Elliptical,5.3871542710845155,0.3076374589143804,20.875291001819
1.401,9.95557,2.6900066778593152,Lenticular,1.856901533139796,0.3189879688676634,22.080919765992455
1.0998,9.85389,4.3380053399030825,Lenticular,1.835582585385632,0.5307912402978946,22.076663779108788
0.6933,9.79948,1.5239693697321672,Elliptical,2.3843482029720717,0.1966093937022262,21.48516188557771
0.7391,10.40406,3.3452423573858243,Lenticular,2.392571719253725,0.3356307355528736,19.890410483320352
2.099,10.00124,1.5537471046331055,Lenticular,2.454564021381293,0.1867013018866869,20.980926629151977
0.8311,9.67769,1.814256311018303,Spiral,1.6978298861687762,0.2107306474701266,22.095556856160243
1.1512,9.51032,2.482811168343203,Lenticular,1.7216188092041702,0.3013256598265262,22.404639913883596
0.9935,9.85813,2.999492614951142,Spiral,0.6664026043596315,0.3727218172786498,22.292177845750206
0.9931,10.16528,5.235456918702995,Elliptical,3.2879234162868953,0.6494692430738819,20.65654092034099
1.1876,11.04998,3.823057464002268,Elliptical,4.242079877466896,0.4616866953228516,20.159590311239608
0.5091,10.5,1.9137820858474062,Elliptical,4.573167727220693,0.2747728669671828,19.2385682188894
3.1455,10.59789,3.1133482839271367,Elliptical,6.759809505718282,0.7996337217700983,22.36343468824044
1.6484,9.8526,1.033697143528423,Elliptical,3.33267085144926,0.1220280302908324,21.723861066582742
1.4079,9.79358,3.1046687552398042,Spiral,0.9919210127069406,0.3680376709303815,22.206493528309306
2.1463,10.6496,1.9320587862568706,Lenticular,1.9979743555460423,0.23287554772059,21.76159713182242
1.3536,11.19976,5.677496196218762,Lenticular,1.83000840959721,0.6750478068268991,19.78022981125868
0.3518,9.5636,1.5272219724405145,Spiral,0.7301382588474938,0.3036114136796178,20.974984697045578
1.2092,10.25264,0.8634453770645855,Lenticular,2.3786644153266043,0.1039965582712039,21.62261498702906
1.6013,10.24487,4.287763344547723,Spiral,0.8207925936810258,0.5060828376353133,21.55308358393649
1.2352,10.2502,4.11210423358277,Irregular,0.499630315967549,0.4938314413785244,21.09005264526843
2.0991,10.92588,8.056125334638827,Elliptical,5.927630417529814,0.968045954690082,21.271386798043988
0.2614,9.54979,3.88074567984842,Spiral,1.0609281442934242,0.8612960521257017,20.051599298775344
0.2105,9.63275,1.8989224149503323,Elliptical,3.276011217533746,0.4616305021469415,19.75274998527316
0.8853,10.45348,1.2387435356610432,Elliptical,5.408073609259224,0.153452838719054,20.760613524059607
0.2698,11.15218,3.6460598194652687,Elliptical,4.062025944440259,1.007593758463187,16.9226209882218
0.5713,9.84229,1.1291663290280887,Lenticular,1.6271943556681483,0.1302591901379081,21.086740470662885
0.482,10.93928,4.159879583381751,Elliptical,4.809053640228325,0.4637244389871365,18.265349248776747
1.0512,10.65,2.121882463832102,Elliptical,2.9044374275254414,0.2619982813874891,20.579102250002453
1.0886,10.8826,2.1440342449692493,Lenticular,2.4857723937726037,0.2628574689111499,19.827605705089574
0.9964,9.84328,3.4748320844945697,Elliptical,2.1883899457790137,0.3643264593302933,21.496479630019184
1.6425,9.71916,5.10899078790024,Elliptical,3.660262619552802,0.6030899999012392,22.037815408601976
0.9259,10.45,1.5760178730652559,Elliptical,4.142812775052953,0.1533072977290728,20.458427744393
0.6377,10.4,1.4317317646815577,Lenticular,3.2478980279530836,0.1692314364341802,19.730668547120164
1.1805,11.3,3.2894522590257513,Elliptical,5.787131561963413,0.3976116623758909,19.36213255265765
2.5707,10.3208,1.4018556513331921,Spiral,1.2738030811198418,0.1747420413892205,22.94799386416669
0.5299,9.90835,2.918547431299343,Spiral,0.7854745928684721,0.4414946107948456,20.57392050621384
0.945,11.15012,4.011464600089246,Elliptical,4.039152198677994,0.4930611258086491,18.759436411210913
1.0534,9.83551,3.5007630611194873,Spiral,0.8188440589517816,0.4320637498909411,21.972815030736037
1.3891,9.62054,2.730792896125192,Irregular,0.4414847162432705,0.3240202845109678,22.845427193999377
0.4895,10.53251,4.735241445343899,Elliptical,5.31588993918033,0.520552202272325,19.154179570678966
0.21,10.62459,1.4476383212093415,Elliptical,2.9596062321192593,0.412357316028682,18.127982444110955
2.034,10.34908,5.1478227852364915,Lenticular,1.5403835553555485,0.6161430953116668,21.74394027691714
0.8835,9.51442,3.099930297896117,Lenticular,2.2677459452755304,0.3995479274502538,22.3696477933847
0.898,10.7,4.705874644048295,Lenticular,1.6417659672621756,0.5321930764523156,19.71025556409611
1.59,10.70011,3.386453672675494,Elliptical,8.999999999466436,0.3997103570784469,20.871549148308517
1.1912,10.41535,3.4889578974994038,Elliptical,4.40314624570114,0.4211471078932366,21.187125513041636
0.8318,11.04999,3.2725569244425263,Elliptical,5.717408541151798,0.3541882747279408,18.78121558764171
1.1999,9.64968,2.4392140356160166,Spiral,0.7653440251531837,0.2941162561688623,22.158637708208182
0.7443,11.09372,4.601740154966452,Elliptical,4.504716229326177,0.4158161323848959,18.51443741042969
0.6854,10.45048,5.183089188898766,Elliptical,1.5900922495826322,0.4598167138702398,19.905321297762583
1.5395,10.94843,1.1283905285562672,Elliptical,4.520191329943719,0.1332421870418564,20.763939009602584
0.728,11.0,2.404157616789306,Elliptical,2.967002942250166,0.2884036592748487,19.108527615269587
0.6738,10.75185,4.548417395895299,Elliptical,5.152809627731032,0.551948271120772,19.18747906654565
1.0192,9.76099,1.3839881709118182,Lenticular,1.616019173674443,0.1720508067900956,22.115729208455512
1.0538,10.1173,2.5056111711307514,Lenticular,2.177909062691959,0.3092174695488134,21.538509999930383
1.6549,11.12894,2.802073664535125,Elliptical,4.415832110011621,0.3308035937561457,20.288474614457854
0.3398,10.35342,1.5030927342315372,Elliptical,4.563730603608534,0.2907595928486219,18.852776411781868
0.7071,10.04924,2.6007207227932407,Spiral,1.0218699977473802,0.3403058690824238,21.18356188435182
0.6904,9.89998,0.44378600394087175,Elliptical,3.057644464726706,0.0577436204206827,21.194937083871142
1.6844,10.0086,1.638567437140446,Lenticular,1.857524980892174,0.1935111824794907,21.874785970874836
0.294,10.8284,3.211598653862584,Elliptical,4.034883408883724,0.5384079940440489,17.78348698857317
0.9454,10.95,4.724887907219016,Elliptical,2.073254017076626,0.452255514638866,19.53176363156025
1.5796,10.12932,0.7512718009498063,Elliptical,3.513197279049781,0.0886780032647977,21.93435199779429
0.331,10.14942,2.2434286184190917,Elliptical,2.686018831134171,0.3824840137426317,19.303377220559103
0.7456,11.12918,6.974058992318219,Elliptical,4.501978491620129,0.925601546784274,18.578732709032032
0.8932,10.74282,0.9238452983275953,Lenticular,2.8441476816741615,0.114351369069731,19.91102844284314
1.18,9.69358,3.65913886052971,Lenticular,1.8411209878178731,0.4423264400833334,21.772939232264303
1.8117,10.10639,2.190232103161176,Spiral,0.9567933456917416,0.2594604732824022,22.354145037324052
2.5426,10.82758,3.29590283320186,Elliptical,5.636105899679046,0.4098182240098305,21.923933879774157
1.3137,10.19736,2.698799293631292,Spiral,0.9125737635334537,0.3217840818699128,21.284024234316156
3.7874,11.07212,2.1239768895301387,Spiral,0.9817640110614542,0.4215821293441029,22.773540056053314
0.7156,9.68762,2.451713263680082,Spiral,0.3951779704682239,0.3748433533236164,21.009095987454664
0.16,10.34994,5.164818560006028,Elliptical,3.0759936509522463,1.305721696572786,16.983124482722655
0.9369,9.57382,1.2024036389165955,Spiral,1.2814643536860524,0.1344658488066965,21.801627398995088
0.4719,10.85001,2.645314068288919,Elliptical,3.0866738907664404,0.4402762093159688,18.05946309518817
1.4511,10.75247,1.0660296720903055,Elliptical,3.3847677935680687,0.1261470844000207,20.60737359419756
0.926,9.90925,3.9641443705924817,Elliptical,0.7923271527776597,0.3116823274058658,21.615159816075696
1.3386,10.54467,3.4928969381294035,Elliptical,2.6227513923164834,0.4157129497570215,20.627549759817008
0.4864,10.02737,2.3228317209297975,Spiral,1.4738028816689783,0.2700028511796676,20.071250133730953
2.4403,10.05,2.4405879903869474,Spiral,0.5855223870179327,0.3008153185016818,21.18393884582913
1.6698,10.30354,1.9257985581249,Spiral,0.589464204087438,0.2273891134622875,21.89483841158478
1.8218,11.29801,5.228001751458218,Elliptical,4.47726998857262,0.6195354521488634,20.139639409926176
0.6891,9.8544,3.7481968034109197,Lenticular,1.5594065175848133,0.4619929774167054,20.882248147221222
1.009,10.30671,0.880346163992873,Elliptical,3.4155555833322366,0.109693329626404,20.82387688482129
1.1139,10.89974,2.1568139451083046,Elliptical,4.11087773170892,0.2632774484517161,20.005742801437023
0.5177,9.94119,2.071773035375171,Spiral,0.5460255794631875,0.3197109802595267,20.7725616672248
0.331,11.07038,4.496062627792876,Elliptical,5.512485741514344,0.9428711619981848,17.588570388487625
0.6706,10.85,1.86099072230087,Elliptical,6.622386130625551,0.2852624121957217,19.30535552275489
0.6928,10.40372,2.2653498975413924,Elliptical,5.477655587968333,0.3702461062059373,20.435426134367493
0.9263,11.1,3.4881168819921706,Elliptical,5.280974346826687,0.414088255588831,19.006824527504847
0.5215,10.95456,3.266298129360496,Elliptical,4.4183245798564315,0.4926007254493222,18.1958993292718
0.7273,10.3988,2.3364860075254885,Lenticular,1.937337078798068,0.248084529032491,20.184180851680935
0.9863,11.35,3.9938057345198366,Elliptical,4.451669857010039,0.5067134058297108,18.522574575286725
0.3315,10.89997,4.036367101578196,Elliptical,3.473792070600477,0.9092954312464177,17.32617642052183
0.6732,10.60023,2.2939893272581764,Elliptical,2.23530274397514,0.3173065161749533,19.719045312357995
1.3449,9.84487,2.5396731407906272,Lenticular,1.576803117022895,0.3021350201786766,22.206991111433016
1.1695,9.83574,1.7873785896380119,Spiral,1.2394187755561088,0.2163667647258316,22.261598855167293
1.6185,10.45428,5.573500428759202,Elliptical,2.549907736717083,0.6578476211391608,21.496530935343515
0.22,10.49855,1.6801081746634172,Elliptical,2.8783442256319436,0.4354016310207107,18.341926184788704
0.6096,11.10098,3.9044014870608916,Elliptical,2.2506096370829067,0.5124177073247985,18.506017284637377
0.6913,10.98507,3.889431034032288,Elliptical,3.6977210385956103,0.5177648086508855,19.01110910872137
1.0099,11.10093,3.1065925779008867,Elliptical,3.279741353831918,0.3870092352095413,19.00544868580797
0.9101,9.76764,2.446892338317433,Spiral,1.4053831295151435,0.2799565620691236,22.061307762115437
0.8042,10.50529,3.6566047601693272,Elliptical,3.790042481949393,0.2925549020379525,20.058131566549264
0.9896,10.15,2.9579092422977937,Elliptical,3.681904453670248,0.2666667012845026,21.276591149182487
0.6985,9.76621,1.6764315275107011,Spiral,1.0093575573557347,0.2125279548137219,21.609963003801333
0.6993,11.1,2.4984951969937685,Elliptical,4.29643320486205,0.3058259877929696,19.122057022113076
1.2606,11.00474,3.008837141472832,Elliptical,4.300032567860317,0.3604050039671617,19.958126763105653
1.2988,10.50129,2.781578168668487,Lenticular,1.9365798707958208,0.3320477044191471,21.38653608639766
1.2207,10.83461,1.9283388330046827,Elliptical,6.565201026221214,0.2319479145107112,20.36942633690382
2.4927,10.90848,1.9328323005156895,Elliptical,2.8705738532237817,0.2392925967983452,21.25679156805124
0.3296,10.34985,2.978939215668519,Lenticular,2.6949019063131767,0.4758802777887465,18.715679450568317
1.629,10.33499,2.2297396698696303,Spiral,0.7585510275631357,0.2631888316049433,21.83926023478747
0.7016,10.72878,1.7805551408989553,Elliptical,4.471649448902862,0.2364098131275105,19.375331308985587
0.9999,10.88302,4.828933341855159,Spiral,1.1917930956046103,0.4701797541716989,19.619266027218295
1.1882,10.89948,3.034357443136931,Elliptical,6.020444623428465,0.3664122792562135,20.222532529232737
0.7562,11.2,6.288147687691747,Elliptical,5.109416786639081,0.5817572762097697,18.785904128290824
0.6907,11.2,8.418781214358914,Elliptical,5.091895743746912,0.6362371805648245,18.35548901566326
0.8287,10.95005,3.670700326955593,Elliptical,2.257014215490355,0.3592765817787053,19.346845095611087
0.8386,10.89901,4.254128199412981,Elliptical,5.731832789655214,0.5163904389908536,19.26453344235411
0.9251,9.95016,3.273980416099946,Irregular,0.5013566465579974,0.4163173594399917,21.43604280435003
0.8225,10.83261,2.044505211876067,Elliptical,3.937914213838501,0.2202499746604358,19.429508882896226
0.5231,11.02012,2.89499328567248,Elliptical,7.355750441971964,0.6322688158887532,18.12171148229687
0.4815,10.70298,2.4250032932571823,Lenticular,3.02570146873495,0.3864985496397414,19.213498311989333
0.9225,10.8,3.672814205829604,Elliptical,6.798386204495381,0.7974206520453492,19.37311544473891
1.4409,10.25458,0.7280835828941548,Elliptical,2.619458193083735,0.0861887831818973,22.038159166279087
0.1601,10.31356,1.0410001536208842,Elliptical,3.291453155371185,0.3506839053138774,18.094884907706856
0.6649,10.25152,1.8503631276880732,Lenticular,1.9214549179685376,0.2586568945848673,20.41421141215786
0.7054,10.94988,2.174870812893173,Elliptical,2.340402658563117,0.2717179299254798,19.22764494721182
0.5392,10.50007,1.7977014592477905,Elliptical,3.086566820037131,0.2707998849814968,19.65721479459568
